recipeVersionId,recipeId,primaryProtein,primaryCarb,eggEquivalentUnits,dairyOccurrence,dairyCodes,plantProteinMain,pastaRicePrimary,avocadoG,ingredientCodes
base:recipe-version:banana-e-latte:a4b16218d9a8fc6e,base:recipe:banana-e-latte,milk_yogurt,,0,false,,false,false,0,banana|latte_ps
base:recipe-version:bowl-coreana-delicata-con-manzo-riso-e-broccoli:8f339ab02fbaac9b,base:recipe:bowl-coreana-delicata-con-manzo-riso-e-broccoli,red_meat,rice,0,false,,false,true,0,riso_jasmine|manzo_magro|broccoli|carciofo|salsa_soia|sesamo
base:recipe-version:branzino-con-polenta-e-finocchi:d61134f849a13e58,base:recipe:branzino-con-polenta-e-finocchi,fish,other_grains,0,false,,false,false,0,branzino|polenta|finocchio|olio
base:recipe-version:branzino-con-polenta-e-zucchine:05d43f46b0cd324d,base:recipe:branzino-con-polenta-e-zucchine,fish,other_grains,0,false,,false,false,0,branzino|polenta|zucchina|olio
base:recipe-version:brunch-couscous-marocchino-delicato-con-tacchino-e-finocchi:eebf147165557e2b,base:recipe:brunch-couscous-marocchino-delicato-con-tacchino-e-finocchi,poultry,other_grains,0,false,,false,false,0,couscous|tacchino|finocchio|cavolfiore|olio|kiwi
base:recipe-version:brunch-kofte-di-tacchino-delicati-con-riso-e-radicchio:1d80294769500be2,base:recipe:brunch-kofte-di-tacchino-delicati-con-riso-e-radicchio,poultry,rice,0,false,,false,true,0,tacchino|pangrattato|riso_integrale|radicchio|yogurt_bianco|olio|mela
base:recipe-version:brunch-noodles-di-riso-con-pollo-e-finocchi:77a636a09e897fa8,base:recipe:brunch-noodles-di-riso-con-pollo-e-finocchi,poultry,other_grains,1.6,false,,false,false,0,noodles_riso|pollo|finocchio|cavolfiore|salsa_soia|olio|mandarino|albume
base:recipe-version:brunch-riso-teriyaki-delicato-con-tacchino-e-carciofi:dd1df9125ddfa6b3,base:recipe:brunch-riso-teriyaki-delicato-con-tacchino-e-carciofi,poultry,rice,0,false,,false,true,0,riso_jasmine|tacchino|carciofo|bietola|salsa_soia|olio|pompelmo
base:recipe-version:brunch-salmone-nordico-con-patate-e-cavolfiore:231333569dcf995f,base:recipe:brunch-salmone-nordico-con-patate-e-cavolfiore,fish,potato,1.6,false,,false,false,0,salmone|patata|cavolfiore|yogurt_bianco|olio|arancia|albume
base:recipe-version:budino-di-riso-casalingo-e-frutta:6cc1d24620d4f701,base:recipe:budino-di-riso-casalingo-e-frutta,milk_yogurt,rice,0,false,,false,true,0,riso_basmati|latte_ps|mela|miele
base:recipe-version:budino-di-riso-casalingo-e-frutta:98e1bee3bc26258f,base:recipe:budino-di-riso-casalingo-e-frutta,milk_yogurt,rice,0,false,,false,true,0,riso_basmati|latte_ps|pera|miele
base:recipe-version:colazione-leggera-con-latte-e-fette-classiche:f712e5d2a6856be0,base:recipe:colazione-leggera-con-latte-e-fette-classiche,milk_yogurt,crackers_rusks_cakes,0,false,,false,false,0,latte_ps|fette_bianche|marmellata|pompelmo
base:recipe-version:coniglio-con-patate-e-pomodori:1a88a8e3425ae336,base:recipe:coniglio-con-patate-e-pomodori,red_meat,potato,0,false,,false,false,0,coniglio|patata|pomodoro|olio
base:recipe-version:coniglio-con-patate-e-spinaci:b4d852f99e5bbb06,base:recipe:coniglio-con-patate-e-spinaci,red_meat,potato,0,false,,false,false,0,coniglio|patata|spinaci|olio
base:recipe-version:coniglio-con-riso-basmati-e-bietole:ec8c162e6190703b,base:recipe:coniglio-con-riso-basmati-e-bietole,red_meat,rice,0,false,,false,true,0,coniglio|riso_basmati|bietola|olio
base:recipe-version:coniglio-con-riso-basmati-e-finocchi:de5a0b4b500d43f8,base:recipe:coniglio-con-riso-basmati-e-finocchi,red_meat,rice,0,false,,false,true,0,coniglio|riso_basmati|finocchio|olio
base:recipe-version:coniglio-con-riso-basmati-e-finocchi:f0e99e714647d716,base:recipe:coniglio-con-riso-basmati-e-finocchi,red_meat,rice,0,false,,false,true,0,coniglio|riso_basmati|finocchio|olio
base:recipe-version:couscous-marocchino-delicato-con-tacchino-e-bietole:3a2ec05d0d9af8aa,base:recipe:couscous-marocchino-delicato-con-tacchino-e-bietole,poultry,other_grains,0,false,,false,false,0,couscous|tacchino|bietola|cavolfiore|olio|pane_bianco
base:recipe-version:couscous-marocchino-delicato-con-tacchino-e-fagiolini:b9e6f822041b2859,base:recipe:couscous-marocchino-delicato-con-tacchino-e-fagiolini,poultry,other_grains,0,false,,false,false,0,couscous|tacchino|fagiolini|carota|olio
base:recipe-version:couscous-marocchino-delicato-con-tacchino-e-finocchi:6d8188dddd57a997,base:recipe:couscous-marocchino-delicato-con-tacchino-e-finocchi,poultry,other_grains,0,false,,false,false,0,couscous|tacchino|finocchio|cavolfiore|olio
base:recipe-version:couscous-marocchino-delicato-con-tacchino-e-finocchi:cbfe17996f981092,base:recipe:couscous-marocchino-delicato-con-tacchino-e-finocchi,poultry,other_grains,0,false,,false,false,0,couscous_integrale|tacchino|finocchio|cavolfiore|olio
base:recipe-version:crackers-classici-con-hummus-delicato:27b122baaf5f3d79,base:recipe:crackers-classici-con-hummus-delicato,,crackers_rusks_cakes,0,false,,false,false,0,crackers|hummus|melagrana
base:recipe-version:crackers-classici-con-hummus-delicato:336656d51106c925,base:recipe:crackers-classici-con-hummus-delicato,,crackers_rusks_cakes,0,false,,false,false,0,crackers|hummus|pera
base:recipe-version:crackers-classici-con-hummus-delicato:afbb8a2d7f8a60c2,base:recipe:crackers-classici-con-hummus-delicato,,crackers_rusks_cakes,0,false,,false,false,0,crackers|hummus|arancia
base:recipe-version:curry-bianco-molto-delicato-di-pollo-e-zucca:20bf020503f4e943,base:recipe:curry-bianco-molto-delicato-di-pollo-e-zucca,poultry,rice,0,false,,false,true,0,riso_basmati|pollo|zucca|latte_cocco_light|olio
base:recipe-version:curry-bianco-molto-delicato-di-pollo-e-zucca:be2bab570860f955,base:recipe:curry-bianco-molto-delicato-di-pollo-e-zucca,poultry,rice,0,false,,false,true,0,riso_integrale|pollo|zucca|latte_cocco_light|olio
base:recipe-version:filetto-di-maiale-con-patate-e-spinaci:0eea0c723bd3399c,base:recipe:filetto-di-maiale-con-patate-e-spinaci,red_meat,potato,0,false,,false,false,0,maiale_filetto|patata|spinaci|olio
base:recipe-version:filetto-di-maiale-con-polenta-e-carote:3f572d4b16625494,base:recipe:filetto-di-maiale-con-polenta-e-carote,red_meat,bread,1.6,false,,false,false,0,maiale_filetto|polenta|carota|olio|albume|pane_bianco
base:recipe-version:filetto-di-maiale-con-polenta-e-carote:49866ab66aa3e8ee,base:recipe:filetto-di-maiale-con-polenta-e-carote,red_meat,other_grains,0,false,,false,false,0,maiale_filetto|polenta|carota|olio
base:recipe-version:filetto-di-maiale-con-polenta-e-sedano-rapa:b34379c49eaacc97,base:recipe:filetto-di-maiale-con-polenta-e-sedano-rapa,red_meat,other_grains,0,false,,false,false,0,maiale_filetto|polenta|sedano_rapa|olio
base:recipe-version:filetto-di-maiale-con-polenta-e-zucca:173114f52e739b82,base:recipe:filetto-di-maiale-con-polenta-e-zucca,red_meat,other_grains,0,false,,false,false,0,maiale_filetto|polenta|zucca|olio
base:recipe-version:filetto-di-maiale-con-polenta-e-zucchine:c5bf398c2a3ca85b,base:recipe:filetto-di-maiale-con-polenta-e-zucchine,red_meat,other_grains,0,false,,false,false,0,maiale_filetto|polenta|zucchina|olio
base:recipe-version:french-toast-delicato-con-frutta:7a41c615f143ffb0,base:recipe:french-toast-delicato-con-frutta,eggs,bread,1,false,,false,false,0,pane_bianco|uovo|latte_ps|melagrana|miele
base:recipe-version:french-toast-delicato-con-frutta:933b4db38fc2b812,base:recipe:french-toast-delicato-con-frutta,eggs,bread,1,false,,false,false,0,pane_bianco|uovo|latte_ps|pera|miele
base:recipe-version:french-toast-delicato-con-frutta:9b1a650c7d194ae3,base:recipe:french-toast-delicato-con-frutta,eggs,bread,1,false,,false,false,0,pane_bianco|uovo|latte_ps|mandarino|miele
base:recipe-version:french-toast-delicato-con-frutta:dd90456291668ba2,base:recipe:french-toast-delicato-con-frutta,eggs,bread,1,false,,false,false,0,pane_bianco|uovo|latte_ps|fico|miele
base:recipe-version:frutta-e-mandorle:c54c36003b8b56a9,base:recipe:frutta-e-mandorle,,,0,false,,false,false,0,pera|mandorle
base:recipe-version:frutta-e-mandorle:f4946c3f96529e3f,base:recipe:frutta-e-mandorle,,,0,false,,false,false,0,pompelmo|mandorle
base:recipe-version:frutta-e-nocciole:62c8e8712f5c0200,base:recipe:frutta-e-nocciole,,,0,false,,false,false,0,pompelmo|nocciole
base:recipe-version:frutta-e-nocciole:793cbb29b0233305,base:recipe:frutta-e-nocciole,,,0,false,,false,false,0,mela|nocciole
base:recipe-version:frutta-e-nocciole:971bc3435c9f8b39,base:recipe:frutta-e-nocciole,,,0,false,,false,false,0,kiwi|nocciole
base:recipe-version:frutta-e-nocciole:c70cdc861837e7bd,base:recipe:frutta-e-nocciole,,,0,false,,false,false,0,arancia|nocciole
base:recipe-version:frutta-e-nocciole:fe52606cbcf0b0a9,base:recipe:frutta-e-nocciole,,,0,false,,false,false,0,cachi|nocciole
base:recipe-version:frutta-in-porzione-piccola:08e3edbd66951d58,base:recipe:frutta-in-porzione-piccola,,,0,false,,false,false,0,banana
base:recipe-version:frutta-in-porzione-piccola:66f165e587c2dffb,base:recipe:frutta-in-porzione-piccola,,,0,false,,false,false,0,fico
base:recipe-version:frutta-in-porzione-piccola:6bdebfa528d96dc7,base:recipe:frutta-in-porzione-piccola,,,0,false,,false,false,0,uva
base:recipe-version:frutta-in-porzione-piccola:9fa65d918b9175ba,base:recipe:frutta-in-porzione-piccola,,,0,false,,false,false,0,kiwi
base:recipe-version:kefir-con-fette-classiche-e-confettura:0a94b5180d6811b4,base:recipe:kefir-con-fette-classiche-e-confettura,milk_yogurt,crackers_rusks_cakes,0,false,,false,false,0,kefir|fette_bianche|marmellata|mela
base:recipe-version:kefir-con-fette-classiche-e-confettura:0c92a4526db020f1,base:recipe:kefir-con-fette-classiche-e-confettura,milk_yogurt,crackers_rusks_cakes,0,false,,false,false,0,kefir|fette_bianche|marmellata|pompelmo
base:recipe-version:kefir-con-fette-classiche-e-confettura:565d49687dc3de64,base:recipe:kefir-con-fette-classiche-e-confettura,milk_yogurt,crackers_rusks_cakes,0,false,,false,false,0,kefir|fette_bianche|marmellata|melagrana
base:recipe-version:kefir-con-fette-classiche-e-confettura:957634af85ac4a41,base:recipe:kefir-con-fette-classiche-e-confettura,milk_yogurt,crackers_rusks_cakes,0,false,,false,false,0,kefir|fette_bianche|marmellata|mandarino
base:recipe-version:kefir-con-fette-classiche-e-confettura:ca779e18c3f24413,base:recipe:kefir-con-fette-classiche-e-confettura,milk_yogurt,crackers_rusks_cakes,0,false,,false,false,0,kefir|fette_bianche|marmellata|pera
base:recipe-version:kefir-e-fette-classiche:4c24043bb18dbd80,base:recipe:kefir-e-fette-classiche,milk_yogurt,crackers_rusks_cakes,0,false,,false,false,0,kefir|fette_bianche
base:recipe-version:kefir-e-frutta:47da41e20e20f205,base:recipe:kefir-e-frutta,milk_yogurt,,0,false,,false,false,0,kefir|kiwi
base:recipe-version:kefir-e-frutta:5d2d12ec2da1027a,base:recipe:kefir-e-frutta,milk_yogurt,,0,false,,false,false,0,kefir|mela
base:recipe-version:kefir-e-frutta:9d9d38ab49b00b02,base:recipe:kefir-e-frutta,milk_yogurt,,0,false,,false,false,0,kefir|pera
base:recipe-version:kefir-piccolo:0120716d4b11c95a,base:recipe:kefir-piccolo,milk_yogurt,,0,false,,false,false,0,kefir
base:recipe-version:kofte-di-tacchino-delicati-con-riso-e-bietole:2bd7b2cacf7c8223,base:recipe:kofte-di-tacchino-delicati-con-riso-e-bietole,poultry,rice,0,false,,false,true,0,tacchino|pangrattato|riso_basmati|bietola|yogurt_bianco|olio
base:recipe-version:kofte-di-tacchino-delicati-con-riso-e-carote:f7b3875932ca827f,base:recipe:kofte-di-tacchino-delicati-con-riso-e-carote,poultry,rice,0,false,,false,true,0,tacchino|pangrattato|riso_basmati|carota|yogurt_bianco|olio
base:recipe-version:kofte-di-tacchino-delicati-con-riso-e-pomodori:c9b5203823160ba9,base:recipe:kofte-di-tacchino-delicati-con-riso-e-pomodori,poultry,rice,0,false,,false,true,0,tacchino|pangrattato|riso_basmati|pomodoro|yogurt_bianco|olio
base:recipe-version:kofte-di-tacchino-delicati-con-riso-e-radicchio:53d6ef52b4a5cd5c,base:recipe:kofte-di-tacchino-delicati-con-riso-e-radicchio,poultry,rice,0,false,,false,true,0,tacchino|pangrattato|riso_integrale|radicchio|yogurt_bianco|olio
base:recipe-version:kofte-di-tacchino-delicati-con-riso-e-spinaci:ed32769eca60a57a,base:recipe:kofte-di-tacchino-delicati-con-riso-e-spinaci,poultry,rice,0,false,,false,true,0,tacchino|pangrattato|riso_basmati|spinaci|yogurt_bianco|olio
base:recipe-version:latte-corn-flakes-e-frutta:489c786e4e4694d6,base:recipe:latte-corn-flakes-e-frutta,milk_yogurt,other_grains,0,false,,false,false,0,latte_ps|cornflakes|banana|mandorle
base:recipe-version:latte-corn-flakes-e-frutta:cf62f1c1f1381a34,base:recipe:latte-corn-flakes-e-frutta,milk_yogurt,other_grains,0,false,,false,false,0,latte_ps|cornflakes|mela|mandorle
base:recipe-version:latte-e-frutta:52f50bbedb3cc959,base:recipe:latte-e-frutta,milk_yogurt,,0,false,,false,false,0,latte_ps|pera
base:recipe-version:latte-e-frutta:8c4d1165cce186f8,base:recipe:latte-e-frutta,milk_yogurt,,0,false,,false,false,0,latte_ps|mandarino
base:recipe-version:latte-e-frutta:be9de76ab5b19d0a,base:recipe:latte-e-frutta,milk_yogurt,,0,false,,false,false,0,latte_ps|arancia
base:recipe-version:latte-e-gallette-di-riso:0305150caf7bf7be,base:recipe:latte-e-gallette-di-riso,milk_yogurt,crackers_rusks_cakes,0,false,,false,false,0,latte_ps|gallette_riso
base:recipe-version:latte-piccolo:af0c44c699cd8ae3,base:recipe:latte-piccolo,milk_yogurt,,0,false,,false,false,0,latte_ps
base:recipe-version:manzo-magro-con-pane-bianco-e-carote:584e027f54d81f53,base:recipe:manzo-magro-con-pane-bianco-e-carote,red_meat,bread,0,false,,false,false,0,manzo_magro|pane_bianco|carota|olio
base:recipe-version:manzo-magro-con-pane-bianco-e-cavolfiore:09d23863cdb9eb6e,base:recipe:manzo-magro-con-pane-bianco-e-cavolfiore,red_meat,bread,0,false,,false,false,0,manzo_magro|pane_integrale|cavolfiore|olio
base:recipe-version:manzo-magro-con-pane-bianco-e-zucchine:a7b476a5b5a0d662,base:recipe:manzo-magro-con-pane-bianco-e-zucchine,red_meat,bread,0,false,,false,false,0,manzo_magro|pane_bianco|zucchina|olio
base:recipe-version:manzo-magro-con-polenta-e-carote:c034ee16ad5033e0,base:recipe:manzo-magro-con-polenta-e-carote,red_meat,other_grains,0,false,,false,false,0,manzo_magro|polenta|carota|olio
base:recipe-version:manzo-magro-con-polenta-e-zucchine:6497ec9726ad6c1b,base:recipe:manzo-magro-con-polenta-e-zucchine,red_meat,other_grains,0,false,,false,false,0,manzo_magro|polenta|zucchina|olio
base:recipe-version:merluzzo-con-patate-e-bietole:d178944750ee4438,base:recipe:merluzzo-con-patate-e-bietole,fish,potato,0,false,,false,false,0,merluzzo|patata|bietola|olio|pane_bianco
base:recipe-version:merluzzo-con-patate-e-cavolfiore:2e0a3d9a14d82fa0,base:recipe:merluzzo-con-patate-e-cavolfiore,fish,potato,0,false,,false,false,0,merluzzo|patata|cavolfiore|olio
base:recipe-version:mini-panino-bianco-con-bresaola:7479944e46394c7c,base:recipe:mini-panino-bianco-con-bresaola,cold_cuts,bread,0,false,,false,false,0,pane_integrale|bresaola
base:recipe-version:mini-panino-bianco-con-bresaola:b48622af1e275f0f,base:recipe:mini-panino-bianco-con-bresaola,cold_cuts,bread,0,false,,false,false,0,pane_bianco|bresaola
base:recipe-version:mini-panino-con-tacchino-a-fette:898c8264b59b67d8,base:recipe:mini-panino-con-tacchino-a-fette,cold_cuts,bread,0,false,,false,false,0,pane_bianco|tacchino_affettato
base:recipe-version:nasello-con-pane-bianco-e-finocchi:fb6cecf679eeabdd,base:recipe:nasello-con-pane-bianco-e-finocchi,fish,bread,0,false,,false,false,0,nasello|pane_bianco|finocchio|olio
base:recipe-version:nasello-con-pane-bianco-e-radicchio:e5aa19fc76b39721,base:recipe:nasello-con-pane-bianco-e-radicchio,fish,bread,0,false,,false,false,0,nasello|pane_integrale|radicchio|olio
base:recipe-version:noodles-di-riso-con-pollo-e-bietole:0f02d14b9aa8eefb,base:recipe:noodles-di-riso-con-pollo-e-bietole,poultry,other_grains,0,false,,false,false,0,noodles_riso|pollo|bietola|cavolfiore|salsa_soia|olio
base:recipe-version:noodles-di-riso-con-pollo-e-finocchi:1145cdd2934760b8,base:recipe:noodles-di-riso-con-pollo-e-finocchi,poultry,other_grains,0,false,,false,false,0,noodles_riso|pollo|finocchio|zucchina|salsa_soia|olio
base:recipe-version:noodles-di-riso-con-pollo-e-finocchi:2ba940cf86c249a7,base:recipe:noodles-di-riso-con-pollo-e-finocchi,poultry,other_grains,0,false,,false,false,0,noodles_riso|pollo|finocchio|cavolfiore|salsa_soia|olio
base:recipe-version:orata-con-patate-e-bietole:f7dd5fe6df51d49e,base:recipe:orata-con-patate-e-bietole,fish,potato,0,false,,false,false,0,orata|patata|bietola|olio
base:recipe-version:orata-con-patate-e-carote:d0dd38aec06eb42b,base:recipe:orata-con-patate-e-carote,fish,potato,0,false,,false,false,0,orata|patata|carota|olio
base:recipe-version:pane-bianco-e-uovo-sodo:cc72ed269e031a57,base:recipe:pane-bianco-e-uovo-sodo,eggs,bread,1,false,,false,false,0,pane_bianco|uovo
base:recipe-version:piccola-porzione-di-lupini-e-frutta:1b299d173f5668ce,base:recipe:piccola-porzione-di-lupini-e-frutta,legumes,,0,false,,false,false,0,lupini|kiwi
base:recipe-version:piccola-porzione-di-lupini-e-frutta:27a1df3729d2c523,base:recipe:piccola-porzione-di-lupini-e-frutta,legumes,,0,false,,false,false,0,lupini|melagrana
base:recipe-version:piccola-porzione-di-lupini-e-frutta:6a911f595824db87,base:recipe:piccola-porzione-di-lupini-e-frutta,legumes,,0,false,,false,false,0,lupini|arancia
base:recipe-version:poke-tiepido-con-salmone-e-carote:38ccf71c2323630b,base:recipe:poke-tiepido-con-salmone-e-carote,fish,rice,0,false,,false,true,0,riso_basmati|salmone|carota|cetriolo|sesamo|salsa_soia
base:recipe-version:pollo-con-patate-e-carciofi:6d2eaaa952c1d950,base:recipe:pollo-con-patate-e-carciofi,poultry,potato,0,false,,false,false,0,pollo|patata|carciofo|olio
base:recipe-version:pollo-con-patate-e-funghi:7cb1d5839f736ddb,base:recipe:pollo-con-patate-e-funghi,poultry,potato,0,false,,false,false,0,pollo|patata|funghi|olio
base:recipe-version:pollo-con-patate-e-spinaci:60e1b4880c2b8295,base:recipe:pollo-con-patate-e-spinaci,poultry,bread,0,false,,false,false,0,pollo|patata|spinaci|olio|pane_bianco
base:recipe-version:pollo-con-polenta-e-zucca:95b4da9b795cd857,base:recipe:pollo-con-polenta-e-zucca,poultry,other_grains,0,false,,false,false,0,pollo|polenta|zucca|olio
base:recipe-version:pollo-con-riso-basmati-e-finocchi:13c773b5cea60d65,base:recipe:pollo-con-riso-basmati-e-finocchi,poultry,rice,0,false,,false,true,0,pollo|riso_basmati|finocchio|olio
base:recipe-version:polpette-svedesi-leggere-con-zucca:09ff0cbe36d88784,base:recipe:polpette-svedesi-leggere-con-zucca,poultry,potato,0.6,false,,false,false,0,tacchino|pangrattato|uovo|patata|zucca|yogurt_bianco|olio
base:recipe-version:porridge-piccolo-con-frutta-cotta:1538450e6584f491,base:recipe:porridge-piccolo-con-frutta-cotta,milk_yogurt,other_grains,0,false,,false,false,0,avena|latte_ps|banana|noci
base:recipe-version:porridge-piccolo-con-frutta-cotta:46147f8fc54780e5,base:recipe:porridge-piccolo-con-frutta-cotta,milk_yogurt,other_grains,0,false,,false,false,0,avena|latte_ps|arancia|noci
base:recipe-version:porridge-piccolo-con-frutta-cotta:4eb65512fcd2116f,base:recipe:porridge-piccolo-con-frutta-cotta,milk_yogurt,other_grains,0,false,,false,false,0,avena|latte_ps|mandarino|noci
base:recipe-version:porridge-piccolo-con-frutta-cotta:d4000c044e0ed85c,base:recipe:porridge-piccolo-con-frutta-cotta,milk_yogurt,other_grains,0,false,,false,false,0,avena|latte_ps|pera|noci
base:recipe-version:pranzo-leggero-con-merluzzo-pane-e-spinaci:70170d62e5c2f053,base:recipe:pranzo-leggero-con-merluzzo-pane-e-spinaci,fish,bread,0,false,,false,false,0,merluzzo|pane_integrale|spinaci|olio|pane_bianco
base:recipe-version:pranzo-leggero-con-pollo-patate-e-bietole:51f53f0a48ab85d6,base:recipe:pranzo-leggero-con-pollo-patate-e-bietole,poultry,potato,1.6,false,,false,false,0,pollo|patata|bietola|olio|albume|pane_bianco
base:recipe-version:pranzo-leggero-con-pollo-patate-e-fagiolini:51b326d65f384f25,base:recipe:pranzo-leggero-con-pollo-patate-e-fagiolini,poultry,potato,1.6,false,,false,false,0,pollo|patata|fagiolini|olio|albume|pane_bianco
base:recipe-version:pranzo-leggero-con-tacchino-pane-e-spinaci:b78acd31c8ff180a,base:recipe:pranzo-leggero-con-tacchino-pane-e-spinaci,poultry,bread,0,false,,false,false,0,tacchino|pane_integrale|spinaci|olio|pane_bianco
base:recipe-version:riso-teriyaki-delicato-con-tacchino-e-carciofi:e4b71ccbec6fce46,base:recipe:riso-teriyaki-delicato-con-tacchino-e-carciofi,poultry,rice,0,false,,false,true,0,riso_jasmine|tacchino|carciofo|radicchio|salsa_soia|olio
base:recipe-version:riso-teriyaki-delicato-con-tacchino-e-melanzane:6da7b42882068260,base:recipe:riso-teriyaki-delicato-con-tacchino-e-melanzane,poultry,rice,0,false,,false,true,0,riso_jasmine|tacchino|melanzana|bietola|salsa_soia|olio
base:recipe-version:riso-teriyaki-delicato-con-tacchino-e-spinaci:7ebcf1cfe3de74f2,base:recipe:riso-teriyaki-delicato-con-tacchino-e-spinaci,poultry,rice,0,false,,false,true,0,riso_jasmine|tacchino|spinaci|cavolfiore|salsa_soia|olio
base:recipe-version:salmone-con-polenta-e-carciofi:f669043325b6b4ce,base:recipe:salmone-con-polenta-e-carciofi,fish,other_grains,1.6,false,,false,false,0,salmone|polenta|carciofo|olio|albume
base:recipe-version:salmone-con-polenta-e-funghi:98ea033f289fe02c,base:recipe:salmone-con-polenta-e-funghi,fish,other_grains,0,false,,false,false,0,salmone|polenta|funghi|olio
base:recipe-version:salmone-con-polenta-e-spinaci:50caa9014a2d0b85,base:recipe:salmone-con-polenta-e-spinaci,fish,other_grains,0,false,,false,false,0,salmone|polenta|spinaci|olio
base:recipe-version:salmone-nordico-con-patate-e-broccoli:3bf06f6c333277ab,base:recipe:salmone-nordico-con-patate-e-broccoli,fish,potato,0,false,,false,false,0,salmone|patata|broccoli|yogurt_bianco|olio
base:recipe-version:salmone-nordico-con-patate-e-cavolfiore:3f265b82ad2b2dec,base:recipe:salmone-nordico-con-patate-e-cavolfiore,fish,potato,0,false,,false,false,0,salmone|patata|cavolfiore|yogurt_bianco|olio
base:recipe-version:salmone-nordico-con-patate-e-cavolfiore:a5af330bd4835b4d,base:recipe:salmone-nordico-con-patate-e-cavolfiore,fish,potato,0,false,,false,false,0,salmone|patata|cavolfiore|yogurt_bianco|olio
base:recipe-version:salmone-nordico-con-patate-e-zucca:12ef1495b6cb91b9,base:recipe:salmone-nordico-con-patate-e-zucca,fish,potato,0,false,,false,false,0,salmone|patata|zucca|yogurt_bianco|olio
base:recipe-version:semolino-al-latte-con-frutta:684b6cb4fac1d9a6,base:recipe:semolino-al-latte-con-frutta,milk_yogurt,other_grains,0,false,,false,false,0,semolino|latte_ps|pera|nocciole
base:recipe-version:semolino-al-latte-con-frutta:f9c97b197bd188de,base:recipe:semolino-al-latte-con-frutta,milk_yogurt,other_grains,0,false,,false,false,0,semolino|latte_ps|mandarino|nocciole
base:recipe-version:sgombro-con-pane-bianco-e-pomodori:8a722b95679d9c63,base:recipe:sgombro-con-pane-bianco-e-pomodori,fish,bread,1.6,false,,false,false,0,sgombro|pane_bianco|pomodoro|olio|albume
base:recipe-version:sogliola-con-riso-e-lattuga:dad2da960a909df7,base:recipe:sogliola-con-riso-e-lattuga,fish,rice,0,false,,false,true,0,sogliola|riso_basmati|lattuga|olio
base:recipe-version:sogliola-con-riso-e-sedano-rapa:217b6da137397614,base:recipe:sogliola-con-riso-e-sedano-rapa,fish,rice,0,false,,false,true,0,sogliola|riso_basmati|sedano_rapa|olio
base:recipe-version:tacchino-con-pane-bianco-e-cavolfiore:d44a48e0ba0d19a4,base:recipe:tacchino-con-pane-bianco-e-cavolfiore,poultry,bread,0,false,,false,false,0,tacchino|pane_integrale|cavolfiore|olio
base:recipe-version:tacchino-con-pane-bianco-e-zucca:3031ea51c14aa153,base:recipe:tacchino-con-pane-bianco-e-zucca,poultry,bread,0,false,,false,false,0,tacchino|pane_integrale|zucca|olio
base:recipe-version:tacchino-con-riso-basmati-e-bietole:0df19eb374359662,base:recipe:tacchino-con-riso-basmati-e-bietole,poultry,bread,0,false,,false,false,0,tacchino|riso_basmati|bietola|olio|pane_bianco
base:recipe-version:tacchino-con-riso-basmati-e-bietole:1209f4be8f816255,base:recipe:tacchino-con-riso-basmati-e-bietole,poultry,rice,0,false,,false,true,0,tacchino|riso_basmati|bietola|olio
base:recipe-version:tacchino-con-riso-basmati-e-cavolfiore:3841d5c167566f43,base:recipe:tacchino-con-riso-basmati-e-cavolfiore,poultry,rice,0,false,,false,true,0,tacchino|riso_basmati|cavolfiore|olio
base:recipe-version:trota-con-riso-e-broccoli:cabee0d8a86538f5,base:recipe:trota-con-riso-e-broccoli,fish,rice,0,false,,false,true,0,trota|riso_basmati|broccoli|olio
base:recipe-version:trota-con-riso-e-cavolfiore:74a435400eb0a948,base:recipe:trota-con-riso-e-cavolfiore,fish,rice,0,false,,false,true,0,trota|riso_basmati|cavolfiore|olio
base:recipe-version:trota-con-riso-e-zucchine:36972b50f1b64e38,base:recipe:trota-con-riso-e-zucchine,fish,rice,0,false,,false,true,0,trota|riso_basmati|zucchina|olio
base:recipe-version:uova-strapazzate-pane-bianco-e-frutta:6638580855d72107,base:recipe:uova-strapazzate-pane-bianco-e-frutta,eggs,bread,2,false,,false,false,0,uovo|pane_bianco|arancia|spinaci
base:recipe-version:uova-strapazzate-pane-bianco-e-frutta:a839660cc452be4b,base:recipe:uova-strapazzate-pane-bianco-e-frutta,eggs,bread,2,false,,false,false,0,uovo|pane_bianco|mela|spinaci
base:recipe-version:uova-strapazzate-pane-bianco-e-frutta:b3168f70b4000f23,base:recipe:uova-strapazzate-pane-bianco-e-frutta,eggs,bread,2,false,,false,false,0,uovo|pane_bianco|pera|spinaci
base:recipe-version:uova-strapazzate-pane-bianco-e-frutta:df0406801e311ac0,base:recipe:uova-strapazzate-pane-bianco-e-frutta,eggs,bread,2,false,,false,false,0,uovo|pane_integrale|mela|spinaci
base:recipe-version:uova-strapazzate-pane-bianco-e-frutta:e6f53c3cac84cfbc,base:recipe:uova-strapazzate-pane-bianco-e-frutta,eggs,bread,2,false,,false,false,0,uovo|pane_bianco|pompelmo|spinaci
base:recipe-version:uova-strapazzate-pane-bianco-e-frutta:f66f59f30a1a4190,base:recipe:uova-strapazzate-pane-bianco-e-frutta,eggs,bread,2,false,,false,false,0,uovo|pane_bianco|mandarino|spinaci
base:recipe-version:uovo-sodo-e-crackers:b92d407cf54f5e44,base:recipe:uovo-sodo-e-crackers,eggs,crackers_rusks_cakes,1,false,,false,false,0,uovo|crackers
base:recipe-version:v6-couscous-con-gamberi-e-broccoli:cacc7a666bf66029,base:recipe:v6-couscous-con-gamberi-e-broccoli,fish,other_grains,0,false,,false,false,0,couscous|gamberi|broccoli|olio
base:recipe-version:v6-couscous-con-pollo-e-carote:d861a05c3d30d7fb,base:recipe:v6-couscous-con-pollo-e-carote,poultry,other_grains,0,false,,false,false,0,couscous|pollo|carota|olio
base:recipe-version:v6-crackers-integrali-con-hummus-e-carote:f06cae1e98dec421,base:recipe:v6-crackers-integrali-con-hummus-e-carote,legumes,crackers_rusks_cakes,0,false,,false,false,0,crackers_integrali|hummus|carota
base:recipe-version:v6-farro-con-tonno-e-radicchio:a2aa957d5bcb6ace,base:recipe:v6-farro-con-tonno-e-radicchio,fish,other_grains,0,false,,false,false,0,farro|tonno_naturale|radicchio|olio
base:recipe-version:v6-fette-integrali-con-burro-di-arachidi-e-confettura:72fcd8752957f6a3,base:recipe:v6-fette-integrali-con-burro-di-arachidi-e-confettura,,crackers_rusks_cakes,0,false,,false,false,0,fette_integrali|burro_arachidi|marmellata
base:recipe-version:v6-gallette-di-riso-con-burro-di-arachidi-e-banana:0662b0d58a819f7a,base:recipe:v6-gallette-di-riso-con-burro-di-arachidi-e-banana,,crackers_rusks_cakes,0,false,,false,false,0,gallette_riso|burro_arachidi|banana
base:recipe-version:v6-grano-saraceno-con-manzo-e-funghi:d004b061ebe7cd7e,base:recipe:v6-grano-saraceno-con-manzo-e-funghi,red_meat,other_grains,0,false,,false,false,0,grano_saraceno|manzo_magro|funghi|olio
base:recipe-version:v6-kefir-con-banana-e-pistacchi:6663fc9362c6db18,base:recipe:v6-kefir-con-banana-e-pistacchi,milk_yogurt,,0,false,,false,false,0,kefir|banana|pistacchi
base:recipe-version:v6-latte-avena-e-banana:2d8c1f81a04cbfae,base:recipe:v6-latte-avena-e-banana,milk_yogurt,other_grains,0,false,,false,false,0,latte_ps|avena|banana
base:recipe-version:v6-mini-panino-con-bresaola-e-carote:f4a50d7eba0d1cff,base:recipe:v6-mini-panino-con-bresaola-e-carote,cold_cuts,bread,0,false,,false,false,0,pane_bianco|bresaola|carota
base:recipe-version:v6-mini-panino-con-tacchino-e-spinaci:f554c16213f54aa1,base:recipe:v6-mini-panino-con-tacchino-e-spinaci,cold_cuts,bread,0,false,,false,false,0,pane_bianco|tacchino_affettato|spinaci
base:recipe-version:v6-orzo-con-tacchino-e-zucca:03634e841f0aec0c,base:recipe:v6-orzo-con-tacchino-e-zucca,poultry,other_grains,0,false,,false,false,0,orzo|tacchino|zucca|olio
base:recipe-version:v6-pane-di-segale-burro-di-arachidi-e-pera:949d5ac5223fb3e8,base:recipe:v6-pane-di-segale-burro-di-arachidi-e-pera,,bread,0,false,,false,false,0,pane_segale|burro_arachidi|pera
base:recipe-version:v6-pane-integrale-burro-di-arachidi-e-banana:7ed21ce5cd13d99d,base:recipe:v6-pane-integrale-burro-di-arachidi-e-banana,,bread,0,false,,false,false,0,pane_integrale|burro_arachidi|banana
base:recipe-version:v6-pane-integrale-con-hummus-e-spinaci:1ba508863e4ce1bf,base:recipe:v6-pane-integrale-con-hummus-e-spinaci,legumes,bread,0,false,,false,false,0,pane_integrale|hummus|spinaci
base:recipe-version:v6-pane-integrale-con-pollo-e-zucca-arrosto:d29d09614bd2ff7b,base:recipe:v6-pane-integrale-con-pollo-e-zucca-arrosto,poultry,bread,0,false,,false,false,0,pane_integrale|pollo|zucca|olio
base:recipe-version:v6-pasta-al-ragu-leggero-di-manzo:8ccd58ff43dcb868,base:recipe:v6-pasta-al-ragu-leggero-di-manzo,red_meat,pasta,0,false,,false,true,0,pasta|manzo_magro|passata|carota|olio
base:recipe-version:v6-pasta-con-branzino-e-zucchine:4d2f780150b38086,base:recipe:v6-pasta-con-branzino-e-zucchine,fish,pasta,0,false,,false,true,0,pasta|branzino|zucchina|olio
base:recipe-version:v6-pasta-con-calamari-e-pomodoro:776c1b90947dc181,base:recipe:v6-pasta-con-calamari-e-pomodoro,fish,pasta,0,false,,false,true,0,pasta|calamaro|pomodoro|olio
base:recipe-version:v6-pasta-con-gamberi-e-zucchine:dd40348d582dc3cf,base:recipe:v6-pasta-con-gamberi-e-zucchine,fish,pasta,0,false,,false,true,0,pasta|gamberi|zucchina|olio
base:recipe-version:v6-pasta-con-nasello-e-zucca:7bc29a7e5814c184,base:recipe:v6-pasta-con-nasello-e-zucca,fish,pasta,0,false,,false,true,0,pasta|nasello|zucca|olio
base:recipe-version:v6-pasta-con-pollo-e-broccoli:de3fc0b129ecc413,base:recipe:v6-pasta-con-pollo-e-broccoli,poultry,pasta,0,false,,false,true,0,pasta|pollo|broccoli|olio
base:recipe-version:v6-pasta-con-pollo-e-radicchio:9033e2196f9502d9,base:recipe:v6-pasta-con-pollo-e-radicchio,poultry,pasta,0,false,,false,true,0,pasta|pollo|radicchio|olio
base:recipe-version:v6-pasta-con-salmone-e-porro:5793a4d6fe797246,base:recipe:v6-pasta-con-salmone-e-porro,fish,pasta,0,false,,false,true,0,pasta|salmone|porro|olio
base:recipe-version:v6-pasta-con-sgombro-e-cavolo-cappuccio:eff554c976679eb2,base:recipe:v6-pasta-con-sgombro-e-cavolo-cappuccio,fish,pasta,0,false,,false,true,0,pasta|sgombro|cavolo_cappuccio|olio
base:recipe-version:v6-pasta-con-tacchino-e-carciofi:542f4cbf7170b7e9,base:recipe:v6-pasta-con-tacchino-e-carciofi,poultry,pasta,0,false,,false,true,0,pasta|tacchino|carciofo|olio
base:recipe-version:v6-pasta-con-tacchino-e-spinaci:77943eaf3219f1fc,base:recipe:v6-pasta-con-tacchino-e-spinaci,poultry,pasta,0,false,,false,true,0,pasta|tacchino|spinaci|olio
base:recipe-version:v6-pasta-e-borlotti-con-funghi:939d2c259695ddf0,base:recipe:v6-pasta-e-borlotti-con-funghi,legumes,pasta,0,false,,true,true,0,pasta|borlotti|funghi|olio
base:recipe-version:v6-pasta-e-borlotti-con-verza:9dcbb7155f5bf733,base:recipe:v6-pasta-e-borlotti-con-verza,legumes,pasta,0,false,,true,true,0,pasta|borlotti|verza|olio
base:recipe-version:v6-pasta-e-cannellini-con-carciofi:1c84aec1e0489802,base:recipe:v6-pasta-e-cannellini-con-carciofi,legumes,pasta,0,false,,true,true,0,pasta|cannellini|carciofo|olio
base:recipe-version:v6-pasta-e-cannellini-con-cavolfiore:55e427835555bad5,base:recipe:v6-pasta-e-cannellini-con-cavolfiore,legumes,pasta,0,false,,true,true,0,pasta|cannellini|cavolfiore|olio
base:recipe-version:v6-pasta-e-cannellini-con-spinaci:e4fd05f4eb3c7075,base:recipe:v6-pasta-e-cannellini-con-spinaci,legumes,pasta,0,false,,true,true,0,pasta|cannellini|spinaci|olio
base:recipe-version:v6-pasta-e-ceci-con-broccoli:83b8f13d2844e188,base:recipe:v6-pasta-e-ceci-con-broccoli,legumes,pasta,0,false,,true,true,0,pasta|ceci|broccoli|olio
base:recipe-version:v6-pasta-e-ceci-con-finocchi:cfa75b0312798ee1,base:recipe:v6-pasta-e-ceci-con-finocchi,legumes,pasta,0,false,,true,true,0,pasta|ceci|finocchio|olio
base:recipe-version:v6-pasta-e-ceci-con-zucca:04b7f6a9d9589b93,base:recipe:v6-pasta-e-ceci-con-zucca,legumes,pasta,0,false,,true,true,0,pasta|ceci|zucca|olio
base:recipe-version:v6-pasta-e-fave-con-carciofi:144a580e25d57ac0,base:recipe:v6-pasta-e-fave-con-carciofi,legumes,pasta,0,false,,true,true,0,pasta|fave|carciofo|olio
base:recipe-version:v6-pasta-e-lenticchie-con-carote:86363e74837643b7,base:recipe:v6-pasta-e-lenticchie-con-carote,legumes,pasta,0,false,,true,true,0,pasta|lenticchie|carota|olio
base:recipe-version:v6-pasta-e-lenticchie-con-cavolo-nero:6cfbf87c7ea7e664,base:recipe:v6-pasta-e-lenticchie-con-cavolo-nero,legumes,pasta,0,false,,true,true,0,pasta|lenticchie|cavolo_nero|olio
base:recipe-version:v6-pasta-e-lenticchie-con-passata-e-spinaci:9a451f889d032790,base:recipe:v6-pasta-e-lenticchie-con-passata-e-spinaci,legumes,pasta,0,false,,true,true,0,pasta|lenticchie|passata|spinaci|olio
base:recipe-version:v6-pasta-e-piselli-con-porro:4688d88f642de1ef,base:recipe:v6-pasta-e-piselli-con-porro,legumes,pasta,0,false,,true,true,0,pasta|piselli|porro|olio
base:recipe-version:v6-pasta-e-piselli-con-spinaci:1b8955b2f5d4cea1,base:recipe:v6-pasta-e-piselli-con-spinaci,legumes,pasta,0,false,,true,true,0,pasta|piselli|spinaci|olio
base:recipe-version:v6-pasta-integrale-con-lupini-e-zucca:b3901392e023e90a,base:recipe:v6-pasta-integrale-con-lupini-e-zucca,legumes,pasta,0,false,,true,true,0,pasta_integrale|lupini|zucca|olio
base:recipe-version:v6-patate-con-salmone-e-finocchi:5750ae4635bb4b0d,base:recipe:v6-patate-con-salmone-e-finocchi,fish,potato,0,false,,false,false,0,patata|salmone|finocchio|olio
base:recipe-version:v6-polenta-con-merluzzo-e-cavolo-nero:3155bb1fe698b930,base:recipe:v6-polenta-con-merluzzo-e-cavolo-nero,fish,other_grains,0,false,,false,false,0,polenta|merluzzo|cavolo_nero|olio
base:recipe-version:v6-riso-basmati-con-borlotti-e-spinaci:96ddd02df0493d09,base:recipe:v6-riso-basmati-con-borlotti-e-spinaci,legumes,rice,0,false,,true,true,0,riso_basmati|borlotti|spinaci|olio
base:recipe-version:v6-riso-basmati-con-ceci-e-carote:7277f67999f4413a,base:recipe:v6-riso-basmati-con-ceci-e-carote,legumes,rice,0,false,,true,true,0,riso_basmati|ceci|carota|olio
base:recipe-version:v6-riso-basmati-con-lenticchie-e-broccoli:96846871ea25b833,base:recipe:v6-riso-basmati-con-lenticchie-e-broccoli,legumes,rice,0,false,,true,true,0,riso_basmati|lenticchie|broccoli|olio
base:recipe-version:v6-riso-basmati-con-piselli-e-zucca:75aaa80296aeb6f9,base:recipe:v6-riso-basmati-con-piselli-e-zucca,legumes,rice,0,false,,true,true,0,riso_basmati|piselli|zucca|olio
base:recipe-version:v6-riso-integrale-con-fave-e-cavolo-cappuccio:9be40ab85728a515,base:recipe:v6-riso-integrale-con-fave-e-cavolo-cappuccio,legumes,rice,0,false,,true,true,0,riso_integrale|fave|cavolo_cappuccio|olio
base:recipe-version:v6-riso-integrale-con-lenticchie-e-zucca:dc511af2e1f40d7c,base:recipe:v6-riso-integrale-con-lenticchie-e-zucca,legumes,rice,0,false,,true,true,0,riso_integrale|lenticchie|zucca|olio
base:recipe-version:v6-riso-jasmine-con-cannellini-e-cavolfiore:36eddf9e96f7366b,base:recipe:v6-riso-jasmine-con-cannellini-e-cavolfiore,legumes,rice,0,false,,true,true,0,riso_jasmine|cannellini|cavolfiore|olio
base:recipe-version:v6-riso-jasmine-con-ceci-e-zucca:7c93685bbfc7f317,base:recipe:v6-riso-jasmine-con-ceci-e-zucca,legumes,rice,0,false,,true,true,0,riso_jasmine|ceci|zucca|olio
base:recipe-version:v6-riso-jasmine-con-lupini-e-carote:f7a2f448e19fedd4,base:recipe:v6-riso-jasmine-con-lupini-e-carote,legumes,rice,0,false,,true,true,0,riso_jasmine|lupini|carota|olio
base:recipe-version:v6-riso-jasmine-con-piselli-e-carciofi:4d462d6ae6e29a37,base:recipe:v6-riso-jasmine-con-piselli-e-carciofi,legumes,rice,0,false,,true,true,0,riso_jasmine|piselli|carciofo|olio
base:recipe-version:v6-yogurt-banana-e-mandorle:3c809d3ef5f7a883,base:recipe:v6-yogurt-banana-e-mandorle,milk_yogurt,,0,false,,false,false,0,yogurt_bianco|banana|mandorle
base:recipe-version:v6-yogurt-con-avena-e-mela:1bc3c9dc04beea24,base:recipe:v6-yogurt-con-avena-e-mela,milk_yogurt,other_grains,0,false,,false,false,0,yogurt_bianco|avena|mela
base:recipe-version:v6-yogurt-con-avena-e-pera:deac64791fb6ff2d,base:recipe:v6-yogurt-con-avena-e-pera,milk_yogurt,other_grains,0,false,,false,false,0,yogurt_bianco|avena|pera
base:recipe-version:v6-yogurt-con-frutti-di-bosco-e-nocciole:b86f2b6106ba2075,base:recipe:v6-yogurt-con-frutti-di-bosco-e-nocciole,milk_yogurt,,0,false,,false,false,0,yogurt_bianco|frutti_bosco|nocciole
base:recipe-version:v6-yogurt-kiwi-e-noci:1f35f66ca7cb06e3,base:recipe:v6-yogurt-kiwi-e-noci,milk_yogurt,,0,false,,false,false,0,yogurt_bianco|kiwi|noci
base:recipe-version:v6c-bowl-di-yogurt-avena-mela-e-crema-di-arachidi:3dd4c719b3e7c782,base:recipe:v6c-bowl-di-yogurt-avena-mela-e-crema-di-arachidi,milk_yogurt,other_grains,0,false,,false,false,0,yogurt_bianco|avena|mela|burro_arachidi
base:recipe-version:v6c-brunch-completo-con-couscous-pollo-e-carote:b068d2d1e6885f55,base:recipe:v6c-brunch-completo-con-couscous-pollo-e-carote,poultry,other_grains,0,false,,false,false,0,couscous|pollo|carota|olio
base:recipe-version:v6c-brunch-completo-con-couscous-salmone-e-zucca:102298fa07c2f568,base:recipe:v6c-brunch-completo-con-couscous-salmone-e-zucca,fish,other_grains,0,false,,false,false,0,couscous|salmone|zucca|olio
base:recipe-version:v6c-brunch-completo-con-couscous-tacchino-e-spinaci:a20df9da2d65c783,base:recipe:v6c-brunch-completo-con-couscous-tacchino-e-spinaci,poultry,other_grains,0,false,,false,false,0,couscous|tacchino|spinaci|olio
base:recipe-version:v6c-brunch-completo-con-farro-manzo-e-radicchio:0c5331d87c3f4d84,base:recipe:v6c-brunch-completo-con-farro-manzo-e-radicchio,red_meat,other_grains,0,false,,false,false,0,farro|manzo_magro|radicchio|olio
base:recipe-version:v6c-brunch-completo-con-farro-tonno-e-fagiolini:ec10bbd1714ec88b,base:recipe:v6c-brunch-completo-con-farro-tonno-e-fagiolini,fish,other_grains,0,false,,false,false,0,farro|tonno_naturale|fagiolini|olio
base:recipe-version:v6c-brunch-completo-con-farro-tonno-e-spinaci:798c70f6ab73f8e4,base:recipe:v6c-brunch-completo-con-farro-tonno-e-spinaci,fish,other_grains,0,false,,false,false,0,farro|tonno_naturale|spinaci|olio
base:recipe-version:v6c-brunch-completo-con-orzo-tacchino-e-zucca:7898281ada572089,base:recipe:v6c-brunch-completo-con-orzo-tacchino-e-zucca,poultry,other_grains,0,false,,false,false,0,orzo|tacchino|zucca|olio
base:recipe-version:v6c-brunch-completo-con-pane-integrale-salmone-e-radicchio:00d65b0e082ec016,base:recipe:v6c-brunch-completo-con-pane-integrale-salmone-e-radicchio,fish,bread,0,false,,false,false,0,pane_integrale|salmone|radicchio|olio
base:recipe-version:v6c-brunch-completo-con-patate-manzo-e-cavolfiore:f06e5927f70f22c5,base:recipe:v6c-brunch-completo-con-patate-manzo-e-cavolfiore,red_meat,potato,0,false,,false,false,0,patata|manzo_magro|cavolfiore|olio
base:recipe-version:v6c-brunch-completo-con-patate-pollo-e-spinaci:5e33b6e57d8f6e2f,base:recipe:v6c-brunch-completo-con-patate-pollo-e-spinaci,poultry,potato,0,false,,false,false,0,patata|pollo|spinaci|olio
base:recipe-version:v6c-brunch-completo-con-polenta-manzo-e-broccoli:de9b2e35908b5a3c,base:recipe:v6c-brunch-completo-con-polenta-manzo-e-broccoli,red_meat,other_grains,0,false,,false,false,0,polenta|manzo_magro|broccoli|olio
base:recipe-version:v6c-brunch-completo-con-polenta-merluzzo-e-cavolo-nero:afbacbc2ff064302,base:recipe:v6c-brunch-completo-con-polenta-merluzzo-e-cavolo-nero,fish,other_grains,0,false,,false,false,0,polenta|merluzzo|cavolo_nero|olio
base:recipe-version:v6c1-arancia-e-semi-di-zucca:e61407ecd84f3577,base:recipe:v6c1-arancia-e-semi-di-zucca,,,0,false,,false,false,0,arancia|semi_zucca
base:recipe-version:v6c1-brunch-con-couscous-sardine-e-indivia:096787433c78846a,base:recipe:v6c1-brunch-con-couscous-sardine-e-indivia,fish,other_grains,0,false,,false,false,0,couscous|sardine|indivia|olio
base:recipe-version:v6c1-brunch-con-farro-coniglio-e-barbabietola:df6f7ebb498fca7c,base:recipe:v6c1-brunch-con-farro-coniglio-e-barbabietola,red_meat,other_grains,0,false,,false,false,0,farro|coniglio|barbabietola|olio
base:recipe-version:v6c1-brunch-con-gnocchi-maiale-e-cavoletti:795478ff20e24c7f,base:recipe:v6c1-brunch-con-gnocchi-maiale-e-cavoletti,red_meat,potato,0,false,,false,false,0,gnocchi|maiale_filetto|cavoletti|olio
base:recipe-version:v6c1-brunch-con-orzo-cozze-e-barbabietola:5838844f4d4516b7,base:recipe:v6c1-brunch-con-orzo-cozze-e-barbabietola,fish,other_grains,0,false,,false,false,0,orzo|cozze|barbabietola|olio
base:recipe-version:v6c1-brunch-con-polenta-manzo-e-cicoria:7937d6a6af5e9df9,base:recipe:v6c1-brunch-con-polenta-manzo-e-cicoria,red_meat,other_grains,0,false,,false,false,0,polenta|manzo_magro|cicoria|olio
base:recipe-version:v6c1-castagne-in-porzione-piccola:85b12c12c2116c29,base:recipe:v6c1-castagne-in-porzione-piccola,,,0,false,,false,false,0,castagna
base:recipe-version:v6c1-cena-completa-con-polenta-coniglio-e-barbabietola:14d1c940c5f3ac2d,base:recipe:v6c1-cena-completa-con-polenta-coniglio-e-barbabietola,red_meat,other_grains,0,false,,false,false,0,polenta|coniglio|barbabietola|olio
base:recipe-version:v6c1-couscous-con-maiale-e-rape:e47a6441ed356c02,base:recipe:v6c1-couscous-con-maiale-e-rape,red_meat,other_grains,0,false,,false,false,0,couscous|maiale_filetto|rapa|olio
base:recipe-version:v6c1-crackers-con-borlotti:35f68bdd1c68e4be,base:recipe:v6c1-crackers-con-borlotti,legumes,crackers_rusks_cakes,0,false,,false,false,0,crackers|borlotti
base:recipe-version:v6c1-crackers-con-crema-semplice-di-cannellini:1526623d88afb020,base:recipe:v6c1-crackers-con-crema-semplice-di-cannellini,legumes,crackers_rusks_cakes,0,false,,false,false,0,crackers|cannellini
base:recipe-version:v6c1-crackers-con-lupini:205f24466f540939,base:recipe:v6c1-crackers-con-lupini,legumes,crackers_rusks_cakes,0,false,,false,false,0,crackers|lupini
base:recipe-version:v6c1-crackers-con-sardine:db8a94c9c912ac9e,base:recipe:v6c1-crackers-con-sardine,fish,crackers_rusks_cakes,0,false,,false,false,0,crackers|sardine
base:recipe-version:v6c1-crackers-con-tonno-al-naturale:4757338aaa621213,base:recipe:v6c1-crackers-con-tonno-al-naturale,fish,crackers_rusks_cakes,0,false,,false,false,0,crackers|tonno_naturale
base:recipe-version:v6c1-farro-con-coniglio-e-barbabietola:807eeba097ecf4ae,base:recipe:v6c1-farro-con-coniglio-e-barbabietola,red_meat,other_grains,0,false,,false,false,0,farro|coniglio|barbabietola|olio
base:recipe-version:v6c1-gnocchi-con-lupini-e-cavoletti:83ad440f5299fb6a,base:recipe:v6c1-gnocchi-con-lupini-e-cavoletti,legumes,potato,0,false,,false,false,0,gnocchi|lupini|cavoletti|olio
base:recipe-version:v6c1-gnocchi-con-maiale-e-cicoria:e19cc80e27cab5f1,base:recipe:v6c1-gnocchi-con-maiale-e-cicoria,red_meat,potato,0,false,,false,false,0,gnocchi|maiale_filetto|cicoria|olio
base:recipe-version:v6c1-gnocchi-con-merluzzo-e-cavolo-cappuccio:468f646586a6f1cb,base:recipe:v6c1-gnocchi-con-merluzzo-e-cavolo-cappuccio,fish,potato,0,false,,false,false,0,gnocchi|merluzzo|cavolo_cappuccio|olio
base:recipe-version:v6c1-kefir-avena-castagne-e-mandarino:9e8e3d57dd5264d3,base:recipe:v6c1-kefir-avena-castagne-e-mandarino,milk_yogurt,other_grains,0,false,,false,false,0,kefir|avena|castagna|mandarino
base:recipe-version:v6c1-kefir-avena-fichi-e-nocciole:31542141f2572703,base:recipe:v6c1-kefir-avena-fichi-e-nocciole,milk_yogurt,other_grains,0,false,,false,false,0,kefir|avena|fico|nocciole
base:recipe-version:v6c1-kefir-avena-uva-e-semi-di-zucca:1f9c111ad42eafcc,base:recipe:v6c1-kefir-avena-uva-e-semi-di-zucca,milk_yogurt,other_grains,0,false,,false,false,0,kefir|avena|uva|semi_zucca
base:recipe-version:v6c1-kefir-con-castagne-e-melagrana:8116f7526d667d43,base:recipe:v6c1-kefir-con-castagne-e-melagrana,milk_yogurt,,0,false,,false,false,0,kefir|castagna|melagrana
base:recipe-version:v6c1-kefir-con-kiwi-e-semi-di-zucca:bd87e4e68925300e,base:recipe:v6c1-kefir-con-kiwi-e-semi-di-zucca,milk_yogurt,,0,false,,false,false,0,kefir|kiwi|semi_zucca
base:recipe-version:v6c1-kefir-con-melagrana-e-avena:1aba3f7ff3e6a20b,base:recipe:v6c1-kefir-con-melagrana-e-avena,milk_yogurt,other_grains,0,false,,false,false,0,kefir|melagrana|avena
base:recipe-version:v6c1-kefir-e-corn-flakes-in-porzione-piccola:cd75a8fb76f2f4e4,base:recipe:v6c1-kefir-e-corn-flakes-in-porzione-piccola,milk_yogurt,other_grains,0,false,,false,false,0,kefir|cornflakes
base:recipe-version:v6c1-kefir-e-melagrana:923dc9d0dfd571b6,base:recipe:v6c1-kefir-e-melagrana,milk_yogurt,,0,false,,false,false,0,kefir|melagrana
base:recipe-version:v6c1-kiwi-e-semi-di-zucca:220ba0e14596c923,base:recipe:v6c1-kiwi-e-semi-di-zucca,,,0,false,,false,false,0,kiwi|semi_zucca
base:recipe-version:v6c1-latte-avena-castagne-e-melagrana:5588fc1e96e377b6,base:recipe:v6c1-latte-avena-castagne-e-melagrana,milk_yogurt,other_grains,0,false,,false,false,0,latte_ps|avena|castagna|melagrana
base:recipe-version:v6c1-latte-avena-e-melagrana:7a06f8cacbe45e93,base:recipe:v6c1-latte-avena-e-melagrana,milk_yogurt,other_grains,0,false,,false,false,0,latte_ps|avena|melagrana
base:recipe-version:v6c1-latte-avena-kiwi-e-semi-di-zucca:7323e833015ced8c,base:recipe:v6c1-latte-avena-kiwi-e-semi-di-zucca,milk_yogurt,other_grains,0,false,,false,false,0,latte_ps|avena|kiwi|semi_zucca
base:recipe-version:v6c1-latte-corn-flakes-e-melagrana:bd092446934f19d8,base:recipe:v6c1-latte-corn-flakes-e-melagrana,milk_yogurt,other_grains,0,false,,false,false,0,latte_ps|cornflakes|melagrana
base:recipe-version:v6c1-latte-corn-flakes-kiwi-e-semi-di-zucca:1af259f7246ba1ca,base:recipe:v6c1-latte-corn-flakes-kiwi-e-semi-di-zucca,milk_yogurt,other_grains,0,false,,false,false,0,latte_ps|cornflakes|kiwi|semi_zucca
base:recipe-version:v6c1-latte-e-cachi:46fd001a5c6f17e4,base:recipe:v6c1-latte-e-cachi,milk_yogurt,,0,false,,false,false,0,latte_ps|cachi
base:recipe-version:v6c1-latte-semolino-prugne-e-semi-di-zucca:3da1d0fb0b4fad98,base:recipe:v6c1-latte-semolino-prugne-e-semi-di-zucca,milk_yogurt,other_grains,0,false,,false,false,0,latte_ps|semolino|prugna|semi_zucca
base:recipe-version:v6c1-mais-cannellini-e-crackers:8f71d9c10a4e2fdf,base:recipe:v6c1-mais-cannellini-e-crackers,legumes,,0,false,,false,false,0,mais|cannellini|crackers
base:recipe-version:v6c1-mais-e-tonno-in-coppetta:cbb38d62712adefc,base:recipe:v6c1-mais-e-tonno-in-coppetta,fish,,0,false,,false,false,0,mais|tonno_naturale
base:recipe-version:v6c1-mandarini-e-pistacchi:c53645521ed0d525,base:recipe:v6c1-mandarini-e-pistacchi,,,0,false,,false,false,0,mandarino|pistacchi
base:recipe-version:v6c1-melagrana-e-nocciole:7f525649d47ea923,base:recipe:v6c1-melagrana-e-nocciole,,,0,false,,false,false,0,melagrana|nocciole
base:recipe-version:v6c1-mini-tortilla-con-cannellini-e-radicchio:ca96ab5828d65770,base:recipe:v6c1-mini-tortilla-con-cannellini-e-radicchio,legumes,bread,0,false,,false,false,0,tortilla|cannellini|radicchio
base:recipe-version:v6c1-mini-tortilla-con-lupini-e-indivia:24fc705820402935,base:recipe:v6c1-mini-tortilla-con-lupini-e-indivia,legumes,bread,0,false,,false,false,0,tortilla|lupini|indivia
base:recipe-version:v6c1-mini-tortilla-con-tonno-e-indivia:2c5a3390940faba5,base:recipe:v6c1-mini-tortilla-con-tonno-e-indivia,fish,bread,0,false,,false,false,0,tortilla|tonno_naturale|indivia
base:recipe-version:v6c1-orzo-con-cozze-e-cavoletti:8877d3843d23311f,base:recipe:v6c1-orzo-con-cozze-e-cavoletti,fish,other_grains,0,false,,false,false,0,orzo|cozze|cavoletti|olio
base:recipe-version:v6c1-orzo-con-maiale-e-cavoletti:4069343986467261,base:recipe:v6c1-orzo-con-maiale-e-cavoletti,red_meat,other_grains,0,false,,false,false,0,orzo|maiale_filetto|cavoletti|olio
base:recipe-version:v6c1-pane-di-segale-con-lupini-e-radicchio:f8d29f9cbe6524a9,base:recipe:v6c1-pane-di-segale-con-lupini-e-radicchio,legumes,bread,0,false,,false,false,0,pane_segale|lupini|radicchio
base:recipe-version:v6c1-pane-di-segale-con-sardine-e-radicchio:964e3c7dbe18bc72,base:recipe:v6c1-pane-di-segale-con-sardine-e-radicchio,fish,bread,0,false,,false,false,0,pane_segale|sardine|radicchio
base:recipe-version:v6c1-pane-di-segale-con-sgombro-e-radicchio:4c170bba026bfd9c,base:recipe:v6c1-pane-di-segale-con-sgombro-e-radicchio,fish,bread,0,false,,false,false,0,pane_segale|sgombro|radicchio
base:recipe-version:v6c1-pane-di-segale-con-tonno-e-indivia:742cbd6e636797b7,base:recipe:v6c1-pane-di-segale-con-tonno-e-indivia,fish,bread,0,false,,false,false,0,pane_segale|tonno_naturale|indivia
base:recipe-version:v6c1-pane-di-segale-tonno-e-patata-dolce:09303aeb8c8d9867,base:recipe:v6c1-pane-di-segale-tonno-e-patata-dolce,fish,bread,0,false,,false,false,0,pane_segale|tonno_naturale|patata_dolce|olio
base:recipe-version:v6c1-pasta-con-polpo-e-cavolo-cappuccio:47cb481a0b026a9b,base:recipe:v6c1-pasta-con-polpo-e-cavolo-cappuccio,fish,pasta,0,false,,false,true,0,pasta|polpo|cavolo_cappuccio|olio
base:recipe-version:v6c1-pasta-con-trota-e-finocchi:9e58e9fa8f4e394b,base:recipe:v6c1-pasta-con-trota-e-finocchi,fish,pasta,0,false,,false,true,0,pasta|trota|finocchio|olio
base:recipe-version:v6c1-pasta-e-fave-con-cavolo-nero:46e1abd8c0628d0b,base:recipe:v6c1-pasta-e-fave-con-cavolo-nero,legumes,pasta,0,false,,true,true,0,pasta|fave|cavolo_nero|olio
base:recipe-version:v6c1-pasta-e-lenticchie-con-cavoletti:e7cda9a59d0c0cc3,base:recipe:v6c1-pasta-e-lenticchie-con-cavoletti,legumes,pasta,0,false,,true,true,0,pasta|lenticchie|cavoletti|olio
base:recipe-version:v6c1-patata-dolce-con-lupini-e-bietole:d09a9280399c656d,base:recipe:v6c1-patata-dolce-con-lupini-e-bietole,legumes,potato,0,false,,false,false,0,patata_dolce|lupini|bietola|pane_bianco|olio
base:recipe-version:v6c1-patata-dolce-con-tacchino-e-cavoletti:b9167d121cbac49f,base:recipe:v6c1-patata-dolce-con-tacchino-e-cavoletti,poultry,potato,0,false,,false,false,0,patata_dolce|tacchino|cavoletti|olio
base:recipe-version:v6c1-patata-dolce-con-yogurt-bianco:89e17fbd3c3b5a06,base:recipe:v6c1-patata-dolce-con-yogurt-bianco,milk_yogurt,potato,0,false,,false,false,0,patata_dolce|yogurt_bianco
base:recipe-version:v6c1-patata-dolce-e-kefir:14f611a2944d2b68,base:recipe:v6c1-patata-dolce-e-kefir,,potato,0,false,,false,false,0,patata_dolce|kefir
base:recipe-version:v6c1-patata-dolce-e-semi-di-zucca:e32be57165e60e80,base:recipe:v6c1-patata-dolce-e-semi-di-zucca,,potato,0,false,,false,false,0,patata_dolce|semi_zucca
base:recipe-version:v6c1-polenta-con-sgombro-e-indivia:e44379550f5a38f1,base:recipe:v6c1-polenta-con-sgombro-e-indivia,fish,other_grains,0,false,,false,false,0,polenta|sgombro|indivia|olio
base:recipe-version:v6c1-riso-basmati-con-polpo-e-indivia:00b3852349159a09,base:recipe:v6c1-riso-basmati-con-polpo-e-indivia,fish,rice,0,false,,false,true,0,riso_basmati|polpo|indivia|olio
base:recipe-version:v6c1-riso-con-coniglio-e-rape:de7d2b1f2131217f,base:recipe:v6c1-riso-con-coniglio-e-rape,red_meat,rice,0,false,,false,true,0,riso_basmati|coniglio|rapa|olio
base:recipe-version:v6c1-riso-con-cozze-e-barbabietola:a9cefb34abd4e945,base:recipe:v6c1-riso-con-cozze-e-barbabietola,fish,rice,0,false,,false,true,0,riso_basmati|cozze|barbabietola|olio
base:recipe-version:v6c1-riso-e-borlotti-con-indivia:aa4051bed67a6bc8,base:recipe:v6c1-riso-e-borlotti-con-indivia,legumes,rice,0,false,,true,true,0,riso_jasmine|borlotti|indivia|olio
base:recipe-version:v6c1-riso-e-cannellini-con-barbabietola:54caede65915d2ea,base:recipe:v6c1-riso-e-cannellini-con-barbabietola,legumes,rice,0,false,,true,true,0,riso_basmati|cannellini|barbabietola|olio
base:recipe-version:v6c1-riso-e-fave-con-carciofi:00ffeb06ba3d21ab,base:recipe:v6c1-riso-e-fave-con-carciofi,legumes,rice,0,false,,true,true,0,riso_basmati|fave|carciofo|olio
base:recipe-version:v6c1-riso-e-lenticchie-con-rape:7594538d9a2b61b2,base:recipe:v6c1-riso-e-lenticchie-con-rape,legumes,rice,0,false,,true,true,0,riso_integrale|lenticchie|rapa|olio
base:recipe-version:v6c1-riso-jasmine-con-polpo-e-barbabietola:deb298f3c39c8909,base:recipe:v6c1-riso-jasmine-con-polpo-e-barbabietola,fish,rice,0,false,,false,true,0,riso_jasmine|polpo|barbabietola|olio
base:recipe-version:v6c1-riso-jasmine-con-trota-e-cicoria:88f5e194d1b4867e,base:recipe:v6c1-riso-jasmine-con-trota-e-cicoria,fish,rice,0,false,,false,true,0,riso_jasmine|trota|cicoria|olio
base:recipe-version:v6c1-semolino-con-castagne-melagrana-e-semi-di-zucca:e75183b921f6b48d,base:recipe:v6c1-semolino-con-castagne-melagrana-e-semi-di-zucca,,other_grains,0,false,,false,false,0,semolino|castagna|melagrana|semi_zucca
base:recipe-version:v6c1-tortilla-con-cannellini-mais-e-indivia:2fdd8eab0c7170df,base:recipe:v6c1-tortilla-con-cannellini-mais-e-indivia,legumes,bread,0,false,,true,false,0,tortilla|cannellini|mais|indivia|olio
base:recipe-version:v6c1-yogurt-avena-kiwi-e-castagne:195fca64a37d4d54,base:recipe:v6c1-yogurt-avena-kiwi-e-castagne,milk_yogurt,other_grains,0,false,,false,false,0,yogurt_bianco|avena|kiwi|castagna
base:recipe-version:v6c1-yogurt-con-cachi-e-fiocchi-di-avena:237be04042ecf908,base:recipe:v6c1-yogurt-con-cachi-e-fiocchi-di-avena,milk_yogurt,other_grains,0,false,,false,false,0,yogurt_bianco|cachi|avena
base:recipe-version:v6c1-yogurt-con-melagrana-e-semi-di-zucca:f2ed6ea5363b33bb,base:recipe:v6c1-yogurt-con-melagrana-e-semi-di-zucca,milk_yogurt,,0,false,,false,false,0,yogurt_bianco|melagrana|semi_zucca
base:recipe-version:v6c1-yogurt-corn-flakes-melagrana-e-semi-di-zucca:2ec0c1d072bf5b4d,base:recipe:v6c1-yogurt-corn-flakes-melagrana-e-semi-di-zucca,milk_yogurt,other_grains,0,false,,false,false,0,yogurt_bianco|cornflakes|melagrana|semi_zucca
base:recipe-version:v6c1-yogurt-e-castagne:e9af9b825d21c0ae,base:recipe:v6c1-yogurt-e-castagne,milk_yogurt,,0,false,,false,false,0,yogurt_bianco|castagna
base:recipe-version:v6c1-yogurt-e-kiwi:145117ab902aaffd,base:recipe:v6c1-yogurt-e-kiwi,milk_yogurt,,0,false,,false,false,0,yogurt_bianco|kiwi
base:recipe-version:v6c2-avocado-al-naturale:eabe49d2e83009d3,base:recipe:v6c2-avocado-al-naturale,,,0,false,,false,false,75,avocado
base:recipe-version:v6c2-avocado-con-crackers-abbondanti:feea168c53f0dfea,base:recipe:v6c2-avocado-con-crackers-abbondanti,,crackers_rusks_cakes,0,false,,false,false,75,avocado|crackers
base:recipe-version:v6c2-avocado-con-fette-biscottate-abbondanti:39763081735c2946,base:recipe:v6c2-avocado-con-fette-biscottate-abbondanti,,crackers_rusks_cakes,0,false,,false,false,75,avocado|fette_bianche
base:recipe-version:v6c2-avocado-con-mais-abbondante:9e1b9942d43aba39,base:recipe:v6c2-avocado-con-mais-abbondante,,,0,false,,false,false,75,avocado|mais
base:recipe-version:v6c2-avocado-con-pane-abbondante:b9c9fa6f82b06bb4,base:recipe:v6c2-avocado-con-pane-abbondante,,bread,0,false,,false,false,75,avocado|pane_bianco
base:recipe-version:v6c2-avocado-con-semi-di-zucca-abbondanti:71e47d35b5a41304,base:recipe:v6c2-avocado-con-semi-di-zucca-abbondanti,,,0,false,,false,false,75,avocado|semi_zucca
base:recipe-version:v6c2-avocado-con-tortilla-intera-piccola:8161e362e725a166,base:recipe:v6c2-avocado-con-tortilla-intera-piccola,,bread,0,false,,false,false,75,avocado|tortilla
base:recipe-version:v6c2-avocado-e-crackers:6b5a74f39c765a73,base:recipe:v6c2-avocado-e-crackers,,,0,false,,false,false,75,avocado|crackers
base:recipe-version:v6c2-avocado-e-crackers-croccanti:cecdf90a15d127f4,base:recipe:v6c2-avocado-e-crackers-croccanti,,crackers_rusks_cakes,0,false,,false,false,75,avocado|crackers
base:recipe-version:v6c2-avocado-e-fette-biscottate:6b5487a8a25dc1ff,base:recipe:v6c2-avocado-e-fette-biscottate,,,0,false,,false,false,75,avocado|fette_bianche
base:recipe-version:v6c2-avocado-e-galletta-di-riso:248d1aee9942d246,base:recipe:v6c2-avocado-e-galletta-di-riso,,,0,false,,false,false,75,avocado|gallette_riso
base:recipe-version:v6c2-avocado-e-mais:b8722d64838f4190,base:recipe:v6c2-avocado-e-mais,,,0,false,,false,false,75,avocado|mais
base:recipe-version:v6c2-avocado-e-pane-bianco:8b1a80011e51dd63,base:recipe:v6c2-avocado-e-pane-bianco,,,0,false,,false,false,75,avocado|pane_bianco
base:recipe-version:v6c2-avocado-e-pane-tostato:46129f4658ce4a20,base:recipe:v6c2-avocado-e-pane-tostato,,bread,0,false,,false,false,75,avocado|pane_bianco
base:recipe-version:v6c2-avocado-e-semi-di-zucca:ff2dbe75c695d0c6,base:recipe:v6c2-avocado-e-semi-di-zucca,,,0,false,,false,false,75,avocado|semi_zucca
base:recipe-version:v6c2-feta-con-crackers:05710269894aa18a,base:recipe:v6c2-feta-con-crackers,cheese,,0,true,feta,false,false,0,feta|crackers
base:recipe-version:v6c2-feta-con-galletta-di-riso:afc69dea249eda0a,base:recipe:v6c2-feta-con-galletta-di-riso,cheese,crackers_rusks_cakes,0,true,feta,false,false,0,feta|gallette_riso
base:recipe-version:v6c2-feta-con-pane-abbondante:f25d2ea84e30773f,base:recipe:v6c2-feta-con-pane-abbondante,cheese,bread,0,true,feta,false,false,0,feta|pane_bianco
base:recipe-version:v6c2-feta-semplice:5513deb7b27ee2a0,base:recipe:v6c2-feta-semplice,cheese,,0,true,feta,false,false,0,feta
base:recipe-version:v6c2-fiocchi-di-latte-con-crackers:552b945c2f8f6678,base:recipe:v6c2-fiocchi-di-latte-con-crackers,cheese,,0,true,fiocchi_latte,false,false,0,fiocchi_latte|crackers
base:recipe-version:v6c2-fiocchi-di-latte-con-crackers-abbondanti:2661e59105859857,base:recipe:v6c2-fiocchi-di-latte-con-crackers-abbondanti,cheese,crackers_rusks_cakes,0,true,fiocchi_latte,false,false,0,fiocchi_latte|crackers
base:recipe-version:v6c2-fiocchi-di-latte-con-galletta-di-riso:1675936b6abe57be,base:recipe:v6c2-fiocchi-di-latte-con-galletta-di-riso,cheese,crackers_rusks_cakes,0,true,fiocchi_latte,false,false,0,fiocchi_latte|gallette_riso
base:recipe-version:v6c2-fiocchi-di-latte-con-gallette-abbondanti:90d885d2e98142e3,base:recipe:v6c2-fiocchi-di-latte-con-gallette-abbondanti,cheese,crackers_rusks_cakes,0,true,fiocchi_latte,false,false,0,fiocchi_latte|gallette_riso
base:recipe-version:v6c2-fiocchi-di-latte-con-pane-bianco:be99266605a23e16,base:recipe:v6c2-fiocchi-di-latte-con-pane-bianco,cheese,,0,true,fiocchi_latte,false,false,0,fiocchi_latte|pane_bianco
base:recipe-version:v6c2-grana-con-crackers-abbondanti:1eada403551dc1c5,base:recipe:v6c2-grana-con-crackers-abbondanti,cheese,crackers_rusks_cakes,0,true,grana,false,false,0,grana|crackers
base:recipe-version:v6c2-grana-con-fette-biscottate-abbondanti:8833642773e097cb,base:recipe:v6c2-grana-con-fette-biscottate-abbondanti,cheese,crackers_rusks_cakes,0,true,grana,false,false,0,grana|fette_bianche
base:recipe-version:v6c2-grana-con-gallette-abbondanti:f8496cb5ed817ead,base:recipe:v6c2-grana-con-gallette-abbondanti,cheese,crackers_rusks_cakes,0,true,grana,false,false,0,grana|gallette_riso
base:recipe-version:v6c2-grana-con-pane-abbondante:53d38e3325371482,base:recipe:v6c2-grana-con-pane-abbondante,cheese,bread,0,true,grana,false,false,0,grana|pane_bianco
base:recipe-version:v6c2-grana-con-pane-molto-abbondante:c0199a32026f85f0,base:recipe:v6c2-grana-con-pane-molto-abbondante,cheese,bread,0,true,grana,false,false,0,grana|pane_bianco
base:recipe-version:v6c2-grana-e-crackers:7eb31a345ed3150c,base:recipe:v6c2-grana-e-crackers,cheese,,0,true,grana,false,false,0,grana|crackers
base:recipe-version:v6c2-grana-e-fette-biscottate:5c498f21b016ea79,base:recipe:v6c2-grana-e-fette-biscottate,cheese,crackers_rusks_cakes,0,true,grana,false,false,0,grana|fette_bianche
base:recipe-version:v6c2-grana-e-gallette-di-riso:85526aa12792e07e,base:recipe:v6c2-grana-e-gallette-di-riso,cheese,crackers_rusks_cakes,0,true,grana,false,false,0,grana|gallette_riso
base:recipe-version:v6c2-grana-e-pane-bianco:53c4748a839dee4a,base:recipe:v6c2-grana-e-pane-bianco,cheese,bread,0,true,grana,false,false,0,grana|pane_bianco
base:recipe-version:v6c2-mozzarella-con-crackers:4b78253aee755078,base:recipe:v6c2-mozzarella-con-crackers,cheese,,0,true,mozzarella,false,false,0,mozzarella|crackers
base:recipe-version:v6c2-mozzarella-con-galletta-di-riso:50c75eb5eac1cecf,base:recipe:v6c2-mozzarella-con-galletta-di-riso,cheese,crackers_rusks_cakes,0,true,mozzarella,false,false,0,mozzarella|gallette_riso
base:recipe-version:v6c2-mozzarella-con-gallette-abbondanti:f445fb711a2ebf0e,base:recipe:v6c2-mozzarella-con-gallette-abbondanti,cheese,crackers_rusks_cakes,0,true,mozzarella,false,false,0,mozzarella|gallette_riso
base:recipe-version:v6c2-mozzarella-con-pane-abbondante:e4fe9ae2e7406eb6,base:recipe:v6c2-mozzarella-con-pane-abbondante,cheese,bread,0,true,mozzarella,false,false,0,mozzarella|pane_bianco
base:recipe-version:v6c2-mozzarella-semplice:82d2f49b8c9e55d8,base:recipe:v6c2-mozzarella-semplice,cheese,,0,true,mozzarella,false,false,0,mozzarella
base:recipe-version:v6c2-primosale-con-crackers-abbondanti:68547b08b3d66260,base:recipe:v6c2-primosale-con-crackers-abbondanti,cheese,crackers_rusks_cakes,0,true,primosale,false,false,0,primosale|crackers
base:recipe-version:v6c2-primosale-con-galletta-di-riso:640302f412930234,base:recipe:v6c2-primosale-con-galletta-di-riso,cheese,crackers_rusks_cakes,0,true,primosale,false,false,0,primosale|gallette_riso
base:recipe-version:v6c2-primosale-con-gallette-abbondanti:fc4377283f212585,base:recipe:v6c2-primosale-con-gallette-abbondanti,cheese,crackers_rusks_cakes,0,true,primosale,false,false,0,primosale|gallette_riso
base:recipe-version:v6c2-primosale-con-pane-abbondante:ac142f7636213b57,base:recipe:v6c2-primosale-con-pane-abbondante,cheese,bread,0,true,primosale,false,false,0,primosale|pane_bianco
base:recipe-version:v6c2-primosale-con-pane-bianco:700fc3cf84e15631,base:recipe:v6c2-primosale-con-pane-bianco,cheese,,0,true,primosale,false,false,0,primosale|pane_bianco
base:recipe-version:v6c2-primosale-semplice:0dccf00baa53ce07,base:recipe:v6c2-primosale-semplice,cheese,,0,true,primosale,false,false,0,primosale
base:recipe-version:v6c2-ricotta-con-crackers:51c278defaf696de,base:recipe:v6c2-ricotta-con-crackers,cheese,,0,true,ricotta,false,false,0,ricotta|crackers
base:recipe-version:v6c2-ricotta-con-crackers-abbondanti:26b449975ebb0e94,base:recipe:v6c2-ricotta-con-crackers-abbondanti,cheese,crackers_rusks_cakes,0,true,ricotta,false,false,0,ricotta|crackers
base:recipe-version:v6c2-ricotta-con-galletta-di-riso:4e0ebfc2d8cc1474,base:recipe:v6c2-ricotta-con-galletta-di-riso,cheese,crackers_rusks_cakes,0,true,ricotta,false,false,0,ricotta|gallette_riso
base:recipe-version:v6c2-ricotta-con-gallette-abbondanti:018783f88a7f33c2,base:recipe:v6c2-ricotta-con-gallette-abbondanti,cheese,crackers_rusks_cakes,0,true,ricotta,false,false,0,ricotta|gallette_riso
base:recipe-version:v6c2-ricotta-con-pane-abbondante:1f891d2b60dba5c0,base:recipe:v6c2-ricotta-con-pane-abbondante,cheese,bread,0,true,ricotta,false,false,0,ricotta|pane_bianco
base:recipe-version:v6c2-ricotta-con-pane-bianco:d5f41012e85e06a1,base:recipe:v6c2-ricotta-con-pane-bianco,cheese,,0,true,ricotta,false,false,0,ricotta|pane_bianco
base:recipe-version:v6c2-ricotta-semplice:97a8ba620aa6961e,base:recipe:v6c2-ricotta-semplice,cheese,,0,true,ricotta,false,false,0,ricotta
base:recipe-version:v6c2-robiola-con-crackers:376aa16275b030a9,base:recipe:v6c2-robiola-con-crackers,cheese,,0,true,robiola,false,false,0,robiola|crackers
base:recipe-version:v6c2-robiola-con-galletta-di-riso:e165738f978b03ba,base:recipe:v6c2-robiola-con-galletta-di-riso,cheese,crackers_rusks_cakes,0,true,robiola,false,false,0,robiola|gallette_riso
base:recipe-version:v6c2-robiola-con-gallette-abbondanti:fd895edf303cbd06,base:recipe:v6c2-robiola-con-gallette-abbondanti,cheese,crackers_rusks_cakes,0,true,robiola,false,false,0,robiola|gallette_riso
base:recipe-version:v6c2-robiola-con-pane-abbondante:5cd244729111726e,base:recipe:v6c2-robiola-con-pane-abbondante,cheese,bread,0,true,robiola,false,false,0,robiola|pane_bianco
base:recipe-version:v6c2-robiola-semplice:2c97f7f0d14c4915,base:recipe:v6c2-robiola-semplice,cheese,,0,true,robiola,false,false,0,robiola
base:recipe-version:yogurt-bianco-corn-flakes-e-banana:6ba3d2479e91774a,base:recipe:yogurt-bianco-corn-flakes-e-banana,milk_yogurt,other_grains,0,false,,false,false,0,yogurt_bianco|cornflakes|banana|mandorle
base:recipe-version:yogurt-bianco-corn-flakes-e-frutta:bfd6dccd07b87561,base:recipe:yogurt-bianco-corn-flakes-e-frutta,milk_yogurt,other_grains,0,false,,false,false,0,yogurt_bianco|cornflakes|banana
base:recipe-version:yogurt-bianco-corn-flakes-e-frutta:c0ae1fc279e4587a,base:recipe:yogurt-bianco-corn-flakes-e-frutta,milk_yogurt,other_grains,0,false,,false,false,0,yogurt_bianco|cornflakes|mandarino
base:recipe-version:yogurt-bianco-corn-flakes-e-frutta:db08b69389ae404c,base:recipe:yogurt-bianco-corn-flakes-e-frutta,milk_yogurt,other_grains,0,false,,false,false,0,yogurt_bianco|cornflakes|arancia
base:recipe-version:yogurt-bianco-e-banana:047824242ce72a93,base:recipe:yogurt-bianco-e-banana,milk_yogurt,,0,false,,false,false,0,yogurt_bianco|banana
