start_global_day,end_global_day,start_month,end_month,egg_equivalent_units,egg_limit,dairy_meals,dairy_limit,pasta_rice_primary_meals,pasta_primary_meals,rice_primary_meals,pasta_rice_min,plant_protein_main_meals,plant_protein_min,hard_ok,hard_failures,protein_concentration_warnings,ingredient_concentration_warnings,pasta_rice_balance_warnings
1,7,Settembre,Settembre,20.2,6.0,12,4,3,1,2,5,0,3,no,"[""egg_equivalent"", ""cheese_dairy_window"", ""pasta_rice"", ""plant_protein_main""]",[],"[{""distinct_days"": 5, ""ingredient_code"": ""pane_bianco"", ""meal_count"": 9}, {""distinct_days"": 5, ""ingredient_code"": ""patata"", ""meal_count"": 7}, {""distinct_days"": 5, ""ingredient_code"": ""uovo"", ""meal_count"": 6}]","[{""minimum"": 2, ""observed"": 1, ""source"": ""pasta""}]"
2,8,Settembre,Settembre,19.0,6.0,9,4,3,1,2,5,0,3,no,"[""egg_equivalent"", ""cheese_dairy_window"", ""pasta_rice"", ""plant_protein_main""]",[],"[{""distinct_days"": 5, ""ingredient_code"": ""pane_bianco"", ""meal_count"": 8}, {""distinct_days"": 5, ""ingredient_code"": ""patata"", ""meal_count"": 6}, {""distinct_days"": 5, ""ingredient_code"": ""uovo"", ""meal_count"": 6}]","[{""minimum"": 2, ""observed"": 1, ""source"": ""pasta""}]"
3,9,Settembre,Settembre,20.6,6.0,9,4,4,1,3,5,0,3,no,"[""egg_equivalent"", ""cheese_dairy_window"", ""pasta_rice"", ""plant_protein_main""]",[],"[{""distinct_days"": 4, ""ingredient_code"": ""latte_ps"", ""meal_count"": 5}, {""distinct_days"": 5, ""ingredient_code"": ""pane_bianco"", ""meal_count"": 7}, {""distinct_days"": 5, ""ingredient_code"": ""patata"", ""meal_count"": 6}, {""distinct_days"": 5, ""ingredient_code"": ""uovo"", ""meal_count"": 6}]","[{""minimum"": 2, ""observed"": 1, ""source"": ""pasta""}]"
4,10,Settembre,Settembre,13.8,6.0,9,4,4,1,3,5,0,3,no,"[""egg_equivalent"", ""cheese_dairy_window"", ""pasta_rice"", ""plant_protein_main""]",[],"[{""distinct_days"": 4, ""ingredient_code"": ""fette_bianche"", ""meal_count"": 5}, {""distinct_days"": 5, ""ingredient_code"": ""latte_ps"", ""meal_count"": 7}, {""distinct_days"": 5, ""ingredient_code"": ""pane_bianco"", ""meal_count"": 7}, {""distinct_days"": 4, ""ingredient_code"": ""uovo"", ""meal_count"": 5}]","[{""minimum"": 2, ""observed"": 1, ""source"": ""pasta""}]"
5,11,Settembre,Settembre,13.8,6.0,8,4,4,0,4,5,0,3,no,"[""egg_equivalent"", ""cheese_dairy_window"", ""pasta_rice"", ""plant_protein_main""]",[],"[{""distinct_days"": 5, ""ingredient_code"": ""fagiolini"", ""meal_count"": 5}, {""distinct_days"": 4, ""ingredient_code"": ""fette_bianche"", ""meal_count"": 5}, {""distinct_days"": 4, ""ingredient_code"": ""fico"", ""meal_count"": 5}, {""distinct_days"": 3, ""ingredient_code"": ""gallette_riso"", ""meal_count"": 5}, {""distinct_days"": 5, ""ingredient_code"": ""latte_ps"", ""meal_count"": 7}, {""distinct_days"": 5, ""ingredient_code"": ""pane_bianco"", ""meal_count"": 7}, {""distinct_days"": 4, ""ingredient_code"": ""uovo"", ""meal_count"": 5}]","[{""minimum"": 2, ""observed"": 0, ""source"": ""pasta""}]"
6,12,Settembre,Settembre,14.8,6.0,9,4,4,0,4,5,0,3,no,"[""egg_equivalent"", ""cheese_dairy_window"", ""pasta_rice"", ""plant_protein_main""]","[{""count"": 6, ""group"": ""fish"", ""share"": 0.4615}]","[{""distinct_days"": 5, ""ingredient_code"": ""fagiolini"", ""meal_count"": 5}, {""distinct_days"": 5, ""ingredient_code"": ""latte_ps"", ""meal_count"": 7}, {""distinct_days"": 5, ""ingredient_code"": ""pane_bianco"", ""meal_count"": 7}, {""distinct_days"": 5, ""ingredient_code"": ""uovo"", ""meal_count"": 6}]","[{""minimum"": 2, ""observed"": 0, ""source"": ""pasta""}]"
7,13,Settembre,Settembre,18.0,6.0,10,4,4,0,4,5,0,3,no,"[""egg_equivalent"", ""cheese_dairy_window"", ""pasta_rice"", ""plant_protein_main""]",[],"[{""distinct_days"": 4, ""ingredient_code"": ""albume"", ""meal_count"": 5}, {""distinct_days"": 4, ""ingredient_code"": ""latte_ps"", ""meal_count"": 5}, {""distinct_days"": 5, ""ingredient_code"": ""pane_bianco"", ""meal_count"": 7}, {""distinct_days"": 5, ""ingredient_code"": ""uovo"", ""meal_count"": 6}]","[{""minimum"": 2, ""observed"": 0, ""source"": ""pasta""}]"
8,14,Settembre,Settembre,18.0,6.0,13,4,3,0,3,5,0,3,no,"[""egg_equivalent"", ""cheese_dairy_window"", ""pasta_rice"", ""plant_protein_main""]",[],"[{""distinct_days"": 5, ""ingredient_code"": ""albume"", ""meal_count"": 6}, {""distinct_days"": 4, ""ingredient_code"": ""latte_ps"", ""meal_count"": 5}, {""distinct_days"": 5, ""ingredient_code"": ""pane_bianco"", ""meal_count"": 7}, {""distinct_days"": 3, ""ingredient_code"": ""ricotta"", ""meal_count"": 5}, {""distinct_days"": 5, ""ingredient_code"": ""zucchina"", ""meal_count"": 5}]","[{""minimum"": 2, ""observed"": 0, ""source"": ""pasta""}]"
9,15,Settembre,Settembre,20.4,6.0,15,4,4,0,4,5,0,3,no,"[""egg_equivalent"", ""cheese_dairy_window"", ""pasta_rice"", ""plant_protein_main""]",[],"[{""distinct_days"": 5, ""ingredient_code"": ""albume"", ""meal_count"": 7}, {""distinct_days"": 5, ""ingredient_code"": ""latte_ps"", ""meal_count"": 6}, {""distinct_days"": 5, ""ingredient_code"": ""pane_bianco"", ""meal_count"": 7}, {""distinct_days"": 4, ""ingredient_code"": ""uovo"", ""meal_count"": 5}, {""distinct_days"": 5, ""ingredient_code"": ""zucchina"", ""meal_count"": 5}]","[{""minimum"": 2, ""observed"": 0, ""source"": ""pasta""}]"
10,16,Settembre,Settembre,20.0,6.0,18,4,3,0,3,5,0,3,no,"[""egg_equivalent"", ""cheese_dairy_window"", ""pasta_rice"", ""plant_protein_main""]",[],"[{""distinct_days"": 5, ""ingredient_code"": ""albume"", ""meal_count"": 7}, {""distinct_days"": 5, ""ingredient_code"": ""fico"", ""meal_count"": 5}, {""distinct_days"": 4, ""ingredient_code"": ""latte_ps"", ""meal_count"": 5}, {""distinct_days"": 5, ""ingredient_code"": ""pane_bianco"", ""meal_count"": 7}, {""distinct_days"": 5, ""ingredient_code"": ""zucchina"", ""meal_count"": 5}]","[{""minimum"": 2, ""observed"": 0, ""source"": ""pasta""}]"
11,17,Settembre,Settembre,21.6,6.0,23,4,5,1,4,5,0,3,no,"[""egg_equivalent"", ""cheese_dairy_window"", ""plant_protein_main""]",[],"[{""distinct_days"": 5, ""ingredient_code"": ""albume"", ""meal_count"": 8}, {""distinct_days"": 5, ""ingredient_code"": ""pane_bianco"", ""meal_count"": 7}, {""distinct_days"": 4, ""ingredient_code"": ""primosale"", ""meal_count"": 5}, {""distinct_days"": 6, ""ingredient_code"": ""zucchina"", ""meal_count"": 6}]","[{""minimum"": 2, ""observed"": 1, ""source"": ""pasta""}]"
12,18,Settembre,Settembre,23.2,6.0,22,4,4,1,3,5,0,3,no,"[""egg_equivalent"", ""cheese_dairy_window"", ""pasta_rice"", ""plant_protein_main""]",[],"[{""distinct_days"": 6, ""ingredient_code"": ""albume"", ""meal_count"": 9}, {""distinct_days"": 6, ""ingredient_code"": ""pane_bianco"", ""meal_count"": 8}, {""distinct_days"": 5, ""ingredient_code"": ""zucchina"", ""meal_count"": 5}]","[{""minimum"": 2, ""observed"": 1, ""source"": ""pasta""}]"
13,19,Settembre,Settembre,23.2,6.0,21,4,5,1,4,5,0,3,no,"[""egg_equivalent"", ""cheese_dairy_window"", ""plant_protein_main""]",[],"[{""distinct_days"": 6, ""ingredient_code"": ""albume"", ""meal_count"": 9}, {""distinct_days"": 7, ""ingredient_code"": ""pane_bianco"", ""meal_count"": 9}, {""distinct_days"": 3, ""ingredient_code"": ""ricotta"", ""meal_count"": 6}]","[{""minimum"": 2, ""observed"": 1, ""source"": ""pasta""}]"
14,20,Settembre,Settembre,20.6,6.0,20,4,6,1,5,5,0,3,no,"[""egg_equivalent"", ""cheese_dairy_window"", ""plant_protein_main""]",[],"[{""distinct_days"": 6, ""ingredient_code"": ""albume"", ""meal_count"": 8}, {""distinct_days"": 6, ""ingredient_code"": ""pane_bianco"", ""meal_count"": 7}, {""distinct_days"": 3, ""ingredient_code"": ""ricotta"", ""meal_count"": 6}]","[{""minimum"": 2, ""observed"": 1, ""source"": ""pasta""}]"
15,21,Settembre,Settembre,26.2,6.0,19,4,6,1,5,5,0,3,no,"[""egg_equivalent"", ""cheese_dairy_window"", ""plant_protein_main""]","[{""count"": 6, ""group"": ""eggs"", ""share"": 0.4615}]","[{""distinct_days"": 6, ""ingredient_code"": ""albume"", ""meal_count"": 9}, {""distinct_days"": 5, ""ingredient_code"": ""grana"", ""meal_count"": 5}, {""distinct_days"": 6, ""ingredient_code"": ""pane_bianco"", ""meal_count"": 8}, {""distinct_days"": 4, ""ingredient_code"": ""primosale"", ""meal_count"": 5}, {""distinct_days"": 3, ""ingredient_code"": ""uovo"", ""meal_count"": 5}]","[{""minimum"": 2, ""observed"": 1, ""source"": ""pasta""}]"
16,22,Settembre,Settembre,22.8,6.0,19,4,5,1,4,5,0,3,no,"[""egg_equivalent"", ""cheese_dairy_window"", ""plant_protein_main""]",[],"[{""distinct_days"": 6, ""ingredient_code"": ""albume"", ""meal_count"": 8}, {""distinct_days"": 4, ""ingredient_code"": ""crackers"", ""meal_count"": 5}, {""distinct_days"": 6, ""ingredient_code"": ""pane_bianco"", ""meal_count"": 8}, {""distinct_days"": 3, ""ingredient_code"": ""ricotta"", ""meal_count"": 5}, {""distinct_days"": 3, ""ingredient_code"": ""uovo"", ""meal_count"": 5}]","[{""minimum"": 2, ""observed"": 1, ""source"": ""pasta""}]"
17,23,Settembre,Settembre,25.2,6.0,16,4,6,1,5,5,0,3,no,"[""egg_equivalent"", ""cheese_dairy_window"", ""plant_protein_main""]",[],"[{""distinct_days"": 6, ""ingredient_code"": ""albume"", ""meal_count"": 8}, {""distinct_days"": 4, ""ingredient_code"": ""crackers"", ""meal_count"": 5}, {""distinct_days"": 6, ""ingredient_code"": ""pane_bianco"", ""meal_count"": 9}, {""distinct_days"": 3, ""ingredient_code"": ""ricotta"", ""meal_count"": 5}, {""distinct_days"": 4, ""ingredient_code"": ""uovo"", ""meal_count"": 6}]","[{""minimum"": 2, ""observed"": 1, ""source"": ""pasta""}]"
18,24,Settembre,Settembre,23.6,6.0,13,4,5,0,5,5,0,3,no,"[""egg_equivalent"", ""cheese_dairy_window"", ""plant_protein_main""]",[],"[{""distinct_days"": 6, ""ingredient_code"": ""albume"", ""meal_count"": 7}, {""distinct_days"": 5, ""ingredient_code"": ""latte_ps"", ""meal_count"": 5}, {""distinct_days"": 3, ""ingredient_code"": ""mela"", ""meal_count"": 5}, {""distinct_days"": 6, ""ingredient_code"": ""pane_bianco"", ""meal_count"": 9}, {""distinct_days"": 4, ""ingredient_code"": ""uovo"", ""meal_count"": 6}]","[{""minimum"": 2, ""observed"": 0, ""source"": ""pasta""}]"
19,25,Settembre,Settembre,25.6,6.0,15,4,6,0,6,5,0,3,no,"[""egg_equivalent"", ""cheese_dairy_window"", ""plant_protein_main""]",[],"[{""distinct_days"": 6, ""ingredient_code"": ""albume"", ""meal_count"": 7}, {""distinct_days"": 5, ""ingredient_code"": ""latte_ps"", ""meal_count"": 5}, {""distinct_days"": 3, ""ingredient_code"": ""mela"", ""meal_count"": 5}, {""distinct_days"": 6, ""ingredient_code"": ""pane_bianco"", ""meal_count"": 9}, {""distinct_days"": 5, ""ingredient_code"": ""uovo"", ""meal_count"": 7}]","[{""minimum"": 2, ""observed"": 0, ""source"": ""pasta""}]"
20,26,Settembre,Settembre,32.2,6.0,16,4,5,0,5,5,0,3,no,"[""egg_equivalent"", ""cheese_dairy_window"", ""plant_protein_main""]","[{""count"": 7, ""group"": ""eggs"", ""share"": 0.5385}]","[{""distinct_days"": 7, ""ingredient_code"": ""albume"", ""meal_count"": 9}, {""distinct_days"": 5, ""ingredient_code"": ""latte_ps"", ""meal_count"": 5}, {""distinct_days"": 6, ""ingredient_code"": ""pane_bianco"", ""meal_count"": 10}, {""distinct_days"": 5, ""ingredient_code"": ""patata"", ""meal_count"": 5}, {""distinct_days"": 4, ""ingredient_code"": ""primosale"", ""meal_count"": 6}, {""distinct_days"": 5, ""ingredient_code"": ""uovo"", ""meal_count"": 7}]","[{""minimum"": 2, ""observed"": 0, ""source"": ""pasta""}]"
21,27,Settembre,Settembre,34.2,6.0,17,4,5,0,5,5,0,3,no,"[""egg_equivalent"", ""cheese_dairy_window"", ""plant_protein_main""]","[{""count"": 8, ""group"": ""eggs"", ""share"": 0.5714}]","[{""distinct_days"": 7, ""ingredient_code"": ""albume"", ""meal_count"": 9}, {""distinct_days"": 5, ""ingredient_code"": ""latte_ps"", ""meal_count"": 6}, {""distinct_days"": 3, ""ingredient_code"": ""mela"", ""meal_count"": 5}, {""distinct_days"": 7, ""ingredient_code"": ""pane_bianco"", ""meal_count"": 11}, {""distinct_days"": 6, ""ingredient_code"": ""patata"", ""meal_count"": 6}, {""distinct_days"": 4, ""ingredient_code"": ""primosale"", ""meal_count"": 6}, {""distinct_days"": 6, ""ingredient_code"": ""uovo"", ""meal_count"": 8}]","[{""minimum"": 2, ""observed"": 0, ""source"": ""pasta""}]"
22,28,Settembre,Settembre,31.4,6.0,15,4,5,0,5,5,0,3,no,"[""egg_equivalent"", ""cheese_dairy_window"", ""plant_protein_main""]","[{""count"": 6, ""group"": ""eggs"", ""share"": 0.4286}]","[{""distinct_days"": 7, ""ingredient_code"": ""albume"", ""meal_count"": 9}, {""distinct_days"": 4, ""ingredient_code"": ""latte_ps"", ""meal_count"": 5}, {""distinct_days"": 3, ""ingredient_code"": ""mela"", ""meal_count"": 5}, {""distinct_days"": 7, ""ingredient_code"": ""pane_bianco"", ""meal_count"": 10}, {""distinct_days"": 6, ""ingredient_code"": ""patata"", ""meal_count"": 6}, {""distinct_days"": 3, ""ingredient_code"": ""primosale"", ""meal_count"": 5}, {""distinct_days"": 5, ""ingredient_code"": ""uovo"", ""meal_count"": 6}]","[{""minimum"": 2, ""observed"": 0, ""source"": ""pasta""}]"
23,29,Settembre,Settembre,31.0,6.0,13,4,7,0,7,5,0,3,no,"[""egg_equivalent"", ""cheese_dairy_window"", ""plant_protein_main""]","[{""count"": 6, ""group"": ""eggs"", ""share"": 0.4286}]","[{""distinct_days"": 7, ""ingredient_code"": ""albume"", ""meal_count"": 9}, {""distinct_days"": 4, ""ingredient_code"": ""latte_ps"", ""meal_count"": 5}, {""distinct_days"": 3, ""ingredient_code"": ""mela"", ""meal_count"": 5}, {""distinct_days"": 6, ""ingredient_code"": ""pane_bianco"", ""meal_count"": 8}, {""distinct_days"": 5, ""ingredient_code"": ""patata"", ""meal_count"": 5}, {""distinct_days"": 4, ""ingredient_code"": ""primosale"", ""meal_count"": 6}, {""distinct_days"": 5, ""ingredient_code"": ""uovo"", ""meal_count"": 5}]","[{""minimum"": 2, ""observed"": 0, ""source"": ""pasta""}]"
24,30,Settembre,Settembre,27.0,6.0,12,4,6,0,6,5,0,3,no,"[""egg_equivalent"", ""cheese_dairy_window"", ""plant_protein_main""]",[],"[{""distinct_days"": 7, ""ingredient_code"": ""albume"", ""meal_count"": 9}, {""distinct_days"": 5, ""ingredient_code"": ""latte_ps"", ""meal_count"": 6}, {""distinct_days"": 4, ""ingredient_code"": ""mela"", ""meal_count"": 6}, {""distinct_days"": 6, ""ingredient_code"": ""pane_bianco"", ""meal_count"": 8}, {""distinct_days"": 5, ""ingredient_code"": ""patata"", ""meal_count"": 5}, {""distinct_days"": 4, ""ingredient_code"": ""primosale"", ""meal_count"": 6}]","[{""minimum"": 2, ""observed"": 0, ""source"": ""pasta""}]"
25,31,Settembre,Ottobre,32.2,6.0,12,4,6,1,5,5,0,3,no,"[""egg_equivalent"", ""cheese_dairy_window"", ""plant_protein_main""]","[{""count"": 7, ""group"": ""eggs"", ""share"": 0.5385}]","[{""distinct_days"": 7, ""ingredient_code"": ""albume"", ""meal_count"": 10}, {""distinct_days"": 4, ""ingredient_code"": ""latte_ps"", ""meal_count"": 5}, {""distinct_days"": 6, ""ingredient_code"": ""pane_bianco"", ""meal_count"": 8}, {""distinct_days"": 6, ""ingredient_code"": ""patata"", ""meal_count"": 6}, {""distinct_days"": 3, ""ingredient_code"": ""primosale"", ""meal_count"": 5}, {""distinct_days"": 5, ""ingredient_code"": ""uovo"", ""meal_count"": 5}]","[{""minimum"": 2, ""observed"": 1, ""source"": ""pasta""}]"
26,32,Settembre,Ottobre,28.6,6.0,13,4,5,1,4,5,0,3,no,"[""egg_equivalent"", ""cheese_dairy_window"", ""plant_protein_main""]","[{""count"": 6, ""group"": ""eggs"", ""share"": 0.4615}]","[{""distinct_days"": 6, ""ingredient_code"": ""albume"", ""meal_count"": 9}, {""distinct_days"": 5, ""ingredient_code"": ""latte_ps"", ""meal_count"": 6}, {""distinct_days"": 4, ""ingredient_code"": ""mela"", ""meal_count"": 5}, {""distinct_days"": 6, ""ingredient_code"": ""pane_bianco"", ""meal_count"": 9}, {""distinct_days"": 5, ""ingredient_code"": ""patata"", ""meal_count"": 5}, {""distinct_days"": 3, ""ingredient_code"": ""primosale"", ""meal_count"": 5}]","[{""minimum"": 2, ""observed"": 1, ""source"": ""pasta""}]"
27,33,Settembre,Ottobre,27.8,6.0,11,4,6,1,5,5,0,3,no,"[""egg_equivalent"", ""cheese_dairy_window"", ""plant_protein_main""]",[],"[{""distinct_days"": 6, ""ingredient_code"": ""albume"", ""meal_count"": 9}, {""distinct_days"": 4, ""ingredient_code"": ""latte_ps"", ""meal_count"": 5}, {""distinct_days"": 4, ""ingredient_code"": ""mela"", ""meal_count"": 5}, {""distinct_days"": 6, ""ingredient_code"": ""pane_bianco"", ""meal_count"": 8}, {""distinct_days"": 5, ""ingredient_code"": ""patata"", ""meal_count"": 5}]","[{""minimum"": 2, ""observed"": 1, ""source"": ""pasta""}]"
28,34,Settembre,Ottobre,27.8,6.0,12,4,7,2,5,5,0,3,no,"[""egg_equivalent"", ""cheese_dairy_window"", ""plant_protein_main""]",[],"[{""distinct_days"": 6, ""ingredient_code"": ""albume"", ""meal_count"": 9}, {""distinct_days"": 6, ""ingredient_code"": ""pane_bianco"", ""meal_count"": 9}, {""distinct_days"": 4, ""ingredient_code"": ""uovo"", ""meal_count"": 5}]",[]
29,35,Settembre,Ottobre,23.0,6.0,14,4,7,2,5,5,0,3,no,"[""egg_equivalent"", ""cheese_dairy_window"", ""plant_protein_main""]",[],"[{""distinct_days"": 5, ""ingredient_code"": ""albume"", ""meal_count"": 7}, {""distinct_days"": 4, ""ingredient_code"": ""mela"", ""meal_count"": 5}, {""distinct_days"": 6, ""ingredient_code"": ""pane_bianco"", ""meal_count"": 9}, {""distinct_days"": 4, ""ingredient_code"": ""uovo"", ""meal_count"": 5}]",[]
30,36,Settembre,Ottobre,20.8,6.0,14,4,7,2,5,5,0,3,no,"[""egg_equivalent"", ""cheese_dairy_window"", ""plant_protein_main""]",[],"[{""distinct_days"": 4, ""ingredient_code"": ""albume"", ""meal_count"": 6}, {""distinct_days"": 4, ""ingredient_code"": ""mela"", ""meal_count"": 5}, {""distinct_days"": 7, ""ingredient_code"": ""pane_bianco"", ""meal_count"": 10}, {""distinct_days"": 4, ""ingredient_code"": ""uovo"", ""meal_count"": 5}]",[]
31,37,Ottobre,Ottobre,20.2,6.0,16,4,7,2,5,5,0,3,no,"[""egg_equivalent"", ""cheese_dairy_window"", ""plant_protein_main""]",[],"[{""distinct_days"": 3, ""ingredient_code"": ""albume"", ""meal_count"": 5}, {""distinct_days"": 7, ""ingredient_code"": ""pane_bianco"", ""meal_count"": 11}, {""distinct_days"": 3, ""ingredient_code"": ""primosale"", ""meal_count"": 5}, {""distinct_days"": 5, ""ingredient_code"": ""uovo"", ""meal_count"": 6}]",[]
32,38,Ottobre,Ottobre,14.0,6.0,15,4,7,1,6,5,0,3,no,"[""egg_equivalent"", ""cheese_dairy_window"", ""plant_protein_main""]",[],"[{""distinct_days"": 4, ""ingredient_code"": ""mela"", ""meal_count"": 6}, {""distinct_days"": 7, ""ingredient_code"": ""pane_bianco"", ""meal_count"": 11}, {""distinct_days"": 3, ""ingredient_code"": ""primosale"", ""meal_count"": 5}, {""distinct_days"": 5, ""ingredient_code"": ""uovo"", ""meal_count"": 6}]","[{""minimum"": 2, ""observed"": 1, ""source"": ""pasta""}]"
33,39,Ottobre,Ottobre,17.6,6.0,13,4,8,1,7,5,0,3,no,"[""egg_equivalent"", ""cheese_dairy_window"", ""plant_protein_main""]","[{""count"": 6, ""group"": ""poultry"", ""share"": 0.4286}]","[{""distinct_days"": 3, ""ingredient_code"": ""mela"", ""meal_count"": 5}, {""distinct_days"": 7, ""ingredient_code"": ""pane_bianco"", ""meal_count"": 10}, {""distinct_days"": 6, ""ingredient_code"": ""uovo"", ""meal_count"": 7}]","[{""minimum"": 2, ""observed"": 1, ""source"": ""pasta""}]"
34,40,Ottobre,Ottobre,10.8,6.0,14,4,8,1,7,5,0,3,no,"[""egg_equivalent"", ""cheese_dairy_window"", ""plant_protein_main""]","[{""count"": 6, ""group"": ""poultry"", ""share"": 0.4615}]","[{""distinct_days"": 3, ""ingredient_code"": ""mela"", ""meal_count"": 5}, {""distinct_days"": 7, ""ingredient_code"": ""pane_bianco"", ""meal_count"": 10}, {""distinct_days"": 5, ""ingredient_code"": ""uovo"", ""meal_count"": 6}]","[{""minimum"": 2, ""observed"": 1, ""source"": ""pasta""}]"
35,41,Ottobre,Ottobre,7.2,6.0,15,4,8,0,8,5,0,3,no,"[""egg_equivalent"", ""cheese_dairy_window"", ""plant_protein_main""]","[{""count"": 8, ""group"": ""poultry"", ""share"": 0.6154}]","[{""distinct_days"": 4, ""ingredient_code"": ""mela"", ""meal_count"": 7}, {""distinct_days"": 7, ""ingredient_code"": ""pane_bianco"", ""meal_count"": 9}, {""distinct_days"": 5, ""ingredient_code"": ""zucchina"", ""meal_count"": 5}]","[{""minimum"": 2, ""observed"": 0, ""source"": ""pasta""}]"
36,42,Ottobre,Ottobre,7.2,6.0,14,4,8,0,8,5,0,3,no,"[""egg_equivalent"", ""cheese_dairy_window"", ""plant_protein_main""]","[{""count"": 8, ""group"": ""poultry"", ""share"": 0.6154}]","[{""distinct_days"": 3, ""ingredient_code"": ""mela"", ""meal_count"": 5}, {""distinct_days"": 7, ""ingredient_code"": ""pane_bianco"", ""meal_count"": 9}, {""distinct_days"": 5, ""ingredient_code"": ""zucchina"", ""meal_count"": 5}]","[{""minimum"": 2, ""observed"": 0, ""source"": ""pasta""}]"
37,43,Ottobre,Ottobre,6.8,6.0,15,4,7,0,7,5,0,3,no,"[""egg_equivalent"", ""cheese_dairy_window"", ""plant_protein_main""]","[{""count"": 8, ""group"": ""poultry"", ""share"": 0.6154}]","[{""distinct_days"": 7, ""ingredient_code"": ""pane_bianco"", ""meal_count"": 9}]","[{""minimum"": 2, ""observed"": 0, ""source"": ""pasta""}]"
38,44,Ottobre,Ottobre,11.0,6.0,15,4,8,0,8,5,0,3,no,"[""egg_equivalent"", ""cheese_dairy_window"", ""plant_protein_main""]","[{""count"": 9, ""group"": ""poultry"", ""share"": 0.6923}]","[{""distinct_days"": 4, ""ingredient_code"": ""melagrana"", ""meal_count"": 5}, {""distinct_days"": 6, ""ingredient_code"": ""pane_bianco"", ""meal_count"": 6}, {""distinct_days"": 5, ""ingredient_code"": ""pollo"", ""meal_count"": 5}]","[{""minimum"": 2, ""observed"": 0, ""source"": ""pasta""}]"
39,45,Ottobre,Ottobre,12.0,6.0,16,4,8,0,8,5,0,3,no,"[""egg_equivalent"", ""cheese_dairy_window"", ""plant_protein_main""]","[{""count"": 9, ""group"": ""poultry"", ""share"": 0.6923}]","[{""distinct_days"": 4, ""ingredient_code"": ""melagrana"", ""meal_count"": 5}, {""distinct_days"": 6, ""ingredient_code"": ""pane_bianco"", ""meal_count"": 6}, {""distinct_days"": 6, ""ingredient_code"": ""pollo"", ""meal_count"": 6}]","[{""minimum"": 2, ""observed"": 0, ""source"": ""pasta""}]"
40,46,Ottobre,Ottobre,11.6,6.0,18,4,8,1,7,5,0,3,no,"[""egg_equivalent"", ""cheese_dairy_window"", ""plant_protein_main""]","[{""count"": 9, ""group"": ""poultry"", ""share"": 0.6923}]","[{""distinct_days"": 3, ""ingredient_code"": ""grana"", ""meal_count"": 5}, {""distinct_days"": 3, ""ingredient_code"": ""mela"", ""meal_count"": 5}, {""distinct_days"": 5, ""ingredient_code"": ""pane_bianco"", ""meal_count"": 5}, {""distinct_days"": 7, ""ingredient_code"": ""pollo"", ""meal_count"": 7}]","[{""minimum"": 2, ""observed"": 1, ""source"": ""pasta""}]"
41,47,Ottobre,Ottobre,16.8,6.0,20,4,9,2,7,5,0,3,no,"[""egg_equivalent"", ""cheese_dairy_window"", ""plant_protein_main""]","[{""count"": 8, ""group"": ""poultry"", ""share"": 0.5714}]","[{""distinct_days"": 4, ""ingredient_code"": ""albume"", ""meal_count"": 5}, {""distinct_days"": 5, ""ingredient_code"": ""finocchio"", ""meal_count"": 5}, {""distinct_days"": 4, ""ingredient_code"": ""grana"", ""meal_count"": 6}, {""distinct_days"": 3, ""ingredient_code"": ""mela"", ""meal_count"": 5}, {""distinct_days"": 6, ""ingredient_code"": ""pollo"", ""meal_count"": 6}, {""distinct_days"": 4, ""ingredient_code"": ""robiola"", ""meal_count"": 5}]",[]
42,48,Ottobre,Ottobre,18.4,6.0,18,4,8,2,6,5,0,3,no,"[""egg_equivalent"", ""cheese_dairy_window"", ""plant_protein_main""]","[{""count"": 7, ""group"": ""poultry"", ""share"": 0.5}]","[{""distinct_days"": 5, ""ingredient_code"": ""albume"", ""meal_count"": 6}, {""distinct_days"": 4, ""ingredient_code"": ""banana"", ""meal_count"": 5}, {""distinct_days"": 4, ""ingredient_code"": ""latte_ps"", ""meal_count"": 5}, {""distinct_days"": 6, ""ingredient_code"": ""pollo"", ""meal_count"": 6}, {""distinct_days"": 5, ""ingredient_code"": ""primosale"", ""meal_count"": 5}]",[]
43,49,Ottobre,Ottobre,20.4,6.0,18,4,7,2,5,5,0,3,no,"[""egg_equivalent"", ""cheese_dairy_window"", ""plant_protein_main""]","[{""count"": 6, ""group"": ""poultry"", ""share"": 0.4286}]","[{""distinct_days"": 5, ""ingredient_code"": ""albume"", ""meal_count"": 6}, {""distinct_days"": 5, ""ingredient_code"": ""pollo"", ""meal_count"": 5}]",[]
44,50,Ottobre,Ottobre,20.4,6.0,17,4,6,2,4,5,0,3,no,"[""egg_equivalent"", ""cheese_dairy_window"", ""plant_protein_main""]","[{""count"": 6, ""group"": ""poultry"", ""share"": 0.4615}]","[{""distinct_days"": 5, ""ingredient_code"": ""albume"", ""meal_count"": 6}, {""distinct_days"": 5, ""ingredient_code"": ""latte_ps"", ""meal_count"": 5}]",[]
45,51,Ottobre,Ottobre,21.4,6.0,16,4,6,2,4,5,0,3,no,"[""egg_equivalent"", ""cheese_dairy_window"", ""plant_protein_main""]","[{""count"": 6, ""group"": ""poultry"", ""share"": 0.4615}]","[{""distinct_days"": 5, ""ingredient_code"": ""albume"", ""meal_count"": 6}, {""distinct_days"": 4, ""ingredient_code"": ""grana"", ""meal_count"": 5}, {""distinct_days"": 5, ""ingredient_code"": ""latte_ps"", ""meal_count"": 5}, {""distinct_days"": 4, ""ingredient_code"": ""pane_bianco"", ""meal_count"": 5}, {""distinct_days"": 5, ""ingredient_code"": ""patata"", ""meal_count"": 5}, {""distinct_days"": 3, ""ingredient_code"": ""uovo"", ""meal_count"": 5}]",[]
46,52,Ottobre,Ottobre,25.4,6.0,18,4,5,2,3,5,0,3,no,"[""egg_equivalent"", ""cheese_dairy_window"", ""plant_protein_main""]",[],"[{""distinct_days"": 6, ""ingredient_code"": ""albume"", ""meal_count"": 7}, {""distinct_days"": 5, ""ingredient_code"": ""latte_ps"", ""meal_count"": 5}, {""distinct_days"": 4, ""ingredient_code"": ""pane_bianco"", ""meal_count"": 6}, {""distinct_days"": 5, ""ingredient_code"": ""patata"", ""meal_count"": 5}, {""distinct_days"": 3, ""ingredient_code"": ""uovo"", ""meal_count"": 5}]",[]
47,53,Ottobre,Ottobre,24.4,6.0,15,4,5,1,4,5,0,3,no,"[""egg_equivalent"", ""cheese_dairy_window"", ""plant_protein_main""]",[],"[{""distinct_days"": 6, ""ingredient_code"": ""albume"", ""meal_count"": 7}, {""distinct_days"": 5, ""ingredient_code"": ""pane_bianco"", ""meal_count"": 7}, {""distinct_days"": 6, ""ingredient_code"": ""patata"", ""meal_count"": 6}, {""distinct_days"": 4, ""ingredient_code"": ""uovo"", ""meal_count"": 6}]","[{""minimum"": 2, ""observed"": 1, ""source"": ""pasta""}]"
48,54,Ottobre,Ottobre,19.2,6.0,14,4,3,0,3,5,0,3,no,"[""egg_equivalent"", ""cheese_dairy_window"", ""pasta_rice"", ""plant_protein_main""]","[{""count"": 6, ""group"": ""poultry"", ""share"": 0.4615}]","[{""distinct_days"": 5, ""ingredient_code"": ""albume"", ""meal_count"": 5}, {""distinct_days"": 6, ""ingredient_code"": ""pane_bianco"", ""meal_count"": 9}, {""distinct_days"": 7, ""ingredient_code"": ""patata"", ""meal_count"": 7}, {""distinct_days"": 5, ""ingredient_code"": ""ricotta"", ""meal_count"": 5}, {""distinct_days"": 4, ""ingredient_code"": ""uovo"", ""meal_count"": 6}, {""distinct_days"": 4, ""ingredient_code"": ""zucca"", ""meal_count"": 5}]","[{""minimum"": 2, ""observed"": 0, ""source"": ""pasta""}]"
49,55,Ottobre,Ottobre,21.2,6.0,15,4,3,0,3,5,0,3,no,"[""egg_equivalent"", ""cheese_dairy_window"", ""pasta_rice"", ""plant_protein_main""]",[],"[{""distinct_days"": 5, ""ingredient_code"": ""albume"", ""meal_count"": 5}, {""distinct_days"": 6, ""ingredient_code"": ""pane_bianco"", ""meal_count"": 10}, {""distinct_days"": 7, ""ingredient_code"": ""patata"", ""meal_count"": 8}, {""distinct_days"": 5, ""ingredient_code"": ""ricotta"", ""meal_count"": 5}, {""distinct_days"": 5, ""ingredient_code"": ""uovo"", ""meal_count"": 7}, {""distinct_days"": 4, ""ingredient_code"": ""zucca"", ""meal_count"": 5}]","[{""minimum"": 2, ""observed"": 0, ""source"": ""pasta""}]"
50,56,Ottobre,Ottobre,21.8,6.0,16,4,3,0,3,5,0,3,no,"[""egg_equivalent"", ""cheese_dairy_window"", ""pasta_rice"", ""plant_protein_main""]","[{""count"": 6, ""group"": ""poultry"", ""share"": 0.4615}]","[{""distinct_days"": 5, ""ingredient_code"": ""albume"", ""meal_count"": 5}, {""distinct_days"": 6, ""ingredient_code"": ""pane_bianco"", ""meal_count"": 10}, {""distinct_days"": 7, ""ingredient_code"": ""patata"", ""meal_count"": 8}, {""distinct_days"": 5, ""ingredient_code"": ""ricotta"", ""meal_count"": 5}, {""distinct_days"": 4, ""ingredient_code"": ""tacchino"", ""meal_count"": 5}, {""distinct_days"": 5, ""ingredient_code"": ""uovo"", ""meal_count"": 9}, {""distinct_days"": 4, ""ingredient_code"": ""zucca"", ""meal_count"": 5}]","[{""minimum"": 2, ""observed"": 0, ""source"": ""pasta""}]"
51,57,Ottobre,Ottobre,23.8,6.0,17,4,4,0,4,5,0,3,no,"[""egg_equivalent"", ""cheese_dairy_window"", ""pasta_rice"", ""plant_protein_main""]","[{""count"": 6, ""group"": ""poultry"", ""share"": 0.4286}]","[{""distinct_days"": 5, ""ingredient_code"": ""albume"", ""meal_count"": 5}, {""distinct_days"": 3, ""ingredient_code"": ""melagrana"", ""meal_count"": 5}, {""distinct_days"": 6, ""ingredient_code"": ""pane_bianco"", ""meal_count"": 12}, {""distinct_days"": 7, ""ingredient_code"": ""patata"", ""meal_count"": 8}, {""distinct_days"": 4, ""ingredient_code"": ""primosale"", ""meal_count"": 5}, {""distinct_days"": 6, ""ingredient_code"": ""uovo"", ""meal_count"": 10}, {""distinct_days"": 5, ""ingredient_code"": ""zucca"", ""meal_count"": 6}]","[{""minimum"": 2, ""observed"": 0, ""source"": ""pasta""}]"
52,58,Ottobre,Ottobre,20.8,6.0,17,4,5,0,5,5,0,3,no,"[""egg_equivalent"", ""cheese_dairy_window"", ""plant_protein_main""]","[{""count"": 7, ""group"": ""poultry"", ""share"": 0.5}]","[{""distinct_days"": 5, ""ingredient_code"": ""albume"", ""meal_count"": 6}, {""distinct_days"": 3, ""ingredient_code"": ""melagrana"", ""meal_count"": 5}, {""distinct_days"": 6, ""ingredient_code"": ""pane_bianco"", ""meal_count"": 11}, {""distinct_days"": 6, ""ingredient_code"": ""patata"", ""meal_count"": 7}, {""distinct_days"": 4, ""ingredient_code"": ""primosale"", ""meal_count"": 5}, {""distinct_days"": 5, ""ingredient_code"": ""uovo"", ""meal_count"": 8}, {""distinct_days"": 5, ""ingredient_code"": ""zucca"", ""meal_count"": 7}]","[{""minimum"": 2, ""observed"": 0, ""source"": ""pasta""}]"
53,59,Ottobre,Ottobre,17.2,6.0,18,4,6,0,6,5,0,3,no,"[""egg_equivalent"", ""cheese_dairy_window"", ""plant_protein_main""]","[{""count"": 7, ""group"": ""poultry"", ""share"": 0.5}]","[{""distinct_days"": 5, ""ingredient_code"": ""albume"", ""meal_count"": 6}, {""distinct_days"": 6, ""ingredient_code"": ""pane_bianco"", ""meal_count"": 10}, {""distinct_days"": 5, ""ingredient_code"": ""patata"", ""meal_count"": 6}, {""distinct_days"": 4, ""ingredient_code"": ""primosale"", ""meal_count"": 7}, {""distinct_days"": 4, ""ingredient_code"": ""uovo"", ""meal_count"": 6}, {""distinct_days"": 5, ""ingredient_code"": ""zucca"", ""meal_count"": 7}]","[{""minimum"": 2, ""observed"": 0, ""source"": ""pasta""}]"
54,60,Ottobre,Ottobre,16.6,6.0,18,4,5,0,5,5,0,3,no,"[""egg_equivalent"", ""cheese_dairy_window"", ""plant_protein_main""]",[],"[{""distinct_days"": 5, ""ingredient_code"": ""albume"", ""meal_count"": 6}, {""distinct_days"": 6, ""ingredient_code"": ""pane_bianco"", ""meal_count"": 10}, {""distinct_days"": 4, ""ingredient_code"": ""patata"", ""meal_count"": 5}, {""distinct_days"": 4, ""ingredient_code"": ""primosale"", ""meal_count"": 7}, {""distinct_days"": 3, ""ingredient_code"": ""uovo"", ""meal_count"": 5}, {""distinct_days"": 4, ""ingredient_code"": ""zucca"", ""meal_count"": 5}]","[{""minimum"": 2, ""observed"": 0, ""source"": ""pasta""}]"
55,61,Ottobre,Novembre,23.4,6.0,18,4,6,1,5,5,0,3,no,"[""egg_equivalent"", ""cheese_dairy_window"", ""plant_protein_main""]",[],"[{""distinct_days"": 6, ""ingredient_code"": ""albume"", ""meal_count"": 8}, {""distinct_days"": 6, ""ingredient_code"": ""pane_bianco"", ""meal_count"": 9}, {""distinct_days"": 4, ""ingredient_code"": ""patata"", ""meal_count"": 5}, {""distinct_days"": 3, ""ingredient_code"": ""primosale"", ""meal_count"": 5}, {""distinct_days"": 4, ""ingredient_code"": ""uovo"", ""meal_count"": 6}]","[{""minimum"": 2, ""observed"": 1, ""source"": ""pasta""}]"
56,62,Ottobre,Novembre,19.8,6.0,18,4,5,1,4,5,0,3,no,"[""egg_equivalent"", ""cheese_dairy_window"", ""plant_protein_main""]",[],"[{""distinct_days"": 5, ""ingredient_code"": ""albume"", ""meal_count"": 7}, {""distinct_days"": 5, ""ingredient_code"": ""pane_bianco"", ""meal_count"": 7}, {""distinct_days"": 3, ""ingredient_code"": ""uovo"", ""meal_count"": 5}, {""distinct_days"": 4, ""ingredient_code"": ""zucca"", ""meal_count"": 6}]","[{""minimum"": 2, ""observed"": 1, ""source"": ""pasta""}]"
57,63,Ottobre,Novembre,24.0,6.0,16,4,5,1,4,5,0,3,no,"[""egg_equivalent"", ""cheese_dairy_window"", ""plant_protein_main""]",[],"[{""distinct_days"": 6, ""ingredient_code"": ""albume"", ""meal_count"": 9}, {""distinct_days"": 6, ""ingredient_code"": ""pane_bianco"", ""meal_count"": 8}, {""distinct_days"": 4, ""ingredient_code"": ""pollo"", ""meal_count"": 5}, {""distinct_days"": 3, ""ingredient_code"": ""zucca"", ""meal_count"": 5}]","[{""minimum"": 2, ""observed"": 1, ""source"": ""pasta""}]"
58,64,Ottobre,Novembre,22.4,6.0,16,4,6,2,4,5,0,3,no,"[""egg_equivalent"", ""cheese_dairy_window"", ""plant_protein_main""]",[],"[{""distinct_days"": 5, ""ingredient_code"": ""albume"", ""meal_count"": 8}, {""distinct_days"": 6, ""ingredient_code"": ""pane_bianco"", ""meal_count"": 6}, {""distinct_days"": 4, ""ingredient_code"": ""pollo"", ""meal_count"": 5}, {""distinct_days"": 3, ""ingredient_code"": ""zucca"", ""meal_count"": 5}]",[]
59,65,Ottobre,Novembre,20.2,6.0,16,4,4,2,2,5,0,3,no,"[""egg_equivalent"", ""cheese_dairy_window"", ""pasta_rice"", ""plant_protein_main""]",[],"[{""distinct_days"": 4, ""ingredient_code"": ""albume"", ""meal_count"": 6}, {""distinct_days"": 6, ""ingredient_code"": ""pane_bianco"", ""meal_count"": 7}]",[]
60,66,Ottobre,Novembre,18.2,6.0,13,4,3,2,1,5,0,3,no,"[""egg_equivalent"", ""cheese_dairy_window"", ""pasta_rice"", ""plant_protein_main""]",[],"[{""distinct_days"": 3, ""ingredient_code"": ""albume"", ""meal_count"": 5}, {""distinct_days"": 4, ""ingredient_code"": ""mandarino"", ""meal_count"": 5}, {""distinct_days"": 6, ""ingredient_code"": ""pane_bianco"", ""meal_count"": 7}, {""distinct_days"": 4, ""ingredient_code"": ""ricotta"", ""meal_count"": 5}]","[{""minimum"": 2, ""observed"": 1, ""source"": ""rice""}]"
61,67,Novembre,Novembre,18.6,6.0,13,4,3,2,1,5,0,3,no,"[""egg_equivalent"", ""cheese_dairy_window"", ""pasta_rice"", ""plant_protein_main""]","[{""count"": 6, ""group"": ""poultry"", ""share"": 0.4286}]","[{""distinct_days"": 4, ""ingredient_code"": ""mandarino"", ""meal_count"": 5}, {""distinct_days"": 6, ""ingredient_code"": ""pane_bianco"", ""meal_count"": 7}, {""distinct_days"": 5, ""ingredient_code"": ""pollo"", ""meal_count"": 5}, {""distinct_days"": 4, ""ingredient_code"": ""spinaci"", ""meal_count"": 5}, {""distinct_days"": 5, ""ingredient_code"": ""uovo"", ""meal_count"": 5}]","[{""minimum"": 2, ""observed"": 1, ""source"": ""rice""}]"
62,68,Novembre,Novembre,15.0,6.0,10,4,2,1,1,5,0,3,no,"[""egg_equivalent"", ""cheese_dairy_window"", ""pasta_rice"", ""plant_protein_main""]","[{""count"": 7, ""group"": ""poultry"", ""share"": 0.5}]","[{""distinct_days"": 6, ""ingredient_code"": ""pane_bianco"", ""meal_count"": 7}, {""distinct_days"": 5, ""ingredient_code"": ""pollo"", ""meal_count"": 5}]","[{""minimum"": 2, ""observed"": 1, ""source"": ""pasta""}, {""minimum"": 2, ""observed"": 1, ""source"": ""rice""}]"
63,69,Novembre,Novembre,18.6,6.0,10,4,2,1,1,5,0,3,no,"[""egg_equivalent"", ""cheese_dairy_window"", ""pasta_rice"", ""plant_protein_main""]","[{""count"": 6, ""group"": ""poultry"", ""share"": 0.4286}]","[{""distinct_days"": 3, ""ingredient_code"": ""albume"", ""meal_count"": 5}, {""distinct_days"": 7, ""ingredient_code"": ""pane_bianco"", ""meal_count"": 8}, {""distinct_days"": 4, ""ingredient_code"": ""patata"", ""meal_count"": 6}, {""distinct_days"": 4, ""ingredient_code"": ""spinaci"", ""meal_count"": 5}, {""distinct_days"": 5, ""ingredient_code"": ""uovo"", ""meal_count"": 5}]","[{""minimum"": 2, ""observed"": 1, ""source"": ""pasta""}, {""minimum"": 2, ""observed"": 1, ""source"": ""rice""}]"
64,70,Novembre,Novembre,11.8,6.0,9,4,3,1,2,5,0,3,no,"[""egg_equivalent"", ""cheese_dairy_window"", ""pasta_rice"", ""plant_protein_main""]",[],"[{""distinct_days"": 4, ""ingredient_code"": ""latte_ps"", ""meal_count"": 5}, {""distinct_days"": 7, ""ingredient_code"": ""pane_bianco"", ""meal_count"": 8}, {""distinct_days"": 3, ""ingredient_code"": ""patata"", ""meal_count"": 5}]","[{""minimum"": 2, ""observed"": 1, ""source"": ""pasta""}]"
65,71,Novembre,Novembre,10.8,6.0,9,4,2,0,2,5,0,3,no,"[""egg_equivalent"", ""cheese_dairy_window"", ""pasta_rice"", ""plant_protein_main""]","[{""count"": 6, ""group"": ""fish"", ""share"": 0.4615}]","[{""distinct_days"": 5, ""ingredient_code"": ""funghi"", ""meal_count"": 5}, {""distinct_days"": 4, ""ingredient_code"": ""latte_ps"", ""meal_count"": 6}, {""distinct_days"": 7, ""ingredient_code"": ""pane_bianco"", ""meal_count"": 8}, {""distinct_days"": 3, ""ingredient_code"": ""patata"", ""meal_count"": 5}]","[{""minimum"": 2, ""observed"": 0, ""source"": ""pasta""}]"
66,72,Novembre,Novembre,11.8,6.0,8,4,3,0,3,5,0,3,no,"[""egg_equivalent"", ""cheese_dairy_window"", ""pasta_rice"", ""plant_protein_main""]","[{""count"": 7, ""group"": ""fish"", ""share"": 0.5385}]","[{""distinct_days"": 4, ""ingredient_code"": ""cavolfiore"", ""meal_count"": 5}, {""distinct_days"": 5, ""ingredient_code"": ""funghi"", ""meal_count"": 5}, {""distinct_days"": 7, ""ingredient_code"": ""pane_bianco"", ""meal_count"": 7}, {""distinct_days"": 3, ""ingredient_code"": ""patata"", ""meal_count"": 5}, {""distinct_days"": 4, ""ingredient_code"": ""uovo"", ""meal_count"": 5}]","[{""minimum"": 2, ""observed"": 0, ""source"": ""pasta""}]"
67,73,Novembre,Novembre,13.4,6.0,7,4,3,0,3,5,0,3,no,"[""egg_equivalent"", ""cheese_dairy_window"", ""pasta_rice"", ""plant_protein_main""]","[{""count"": 6, ""group"": ""fish"", ""share"": 0.4615}]","[{""distinct_days"": 4, ""ingredient_code"": ""cavolfiore"", ""meal_count"": 5}, {""distinct_days"": 7, ""ingredient_code"": ""pane_bianco"", ""meal_count"": 7}, {""distinct_days"": 3, ""ingredient_code"": ""patata"", ""meal_count"": 5}, {""distinct_days"": 4, ""ingredient_code"": ""uovo"", ""meal_count"": 5}]","[{""minimum"": 2, ""observed"": 0, ""source"": ""pasta""}]"
68,74,Novembre,Novembre,11.4,6.0,8,4,4,0,4,5,0,3,no,"[""egg_equivalent"", ""cheese_dairy_window"", ""pasta_rice"", ""plant_protein_main""]",[],"[{""distinct_days"": 5, ""ingredient_code"": ""cavolfiore"", ""meal_count"": 6}, {""distinct_days"": 4, ""ingredient_code"": ""latte_ps"", ""meal_count"": 5}, {""distinct_days"": 6, ""ingredient_code"": ""pane_bianco"", ""meal_count"": 6}]","[{""minimum"": 2, ""observed"": 0, ""source"": ""pasta""}]"
69,75,Novembre,Novembre,8.2,6.0,12,4,5,0,5,5,0,3,no,"[""egg_equivalent"", ""cheese_dairy_window"", ""plant_protein_main""]",[],"[{""distinct_days"": 5, ""ingredient_code"": ""cavolfiore"", ""meal_count"": 6}, {""distinct_days"": 4, ""ingredient_code"": ""latte_ps"", ""meal_count"": 5}, {""distinct_days"": 5, ""ingredient_code"": ""pane_bianco"", ""meal_count"": 5}]","[{""minimum"": 2, ""observed"": 0, ""source"": ""pasta""}]"
70,76,Novembre,Novembre,4.6,6.0,13,4,6,1,5,5,1,3,no,"[""cheese_dairy_window"", ""plant_protein_main""]",[],"[{""distinct_days"": 5, ""ingredient_code"": ""cavolfiore"", ""meal_count"": 6}, {""distinct_days"": 4, ""ingredient_code"": ""latte_ps"", ""meal_count"": 5}, {""distinct_days"": 5, ""ingredient_code"": ""pane_bianco"", ""meal_count"": 5}]","[{""minimum"": 2, ""observed"": 1, ""source"": ""pasta""}]"
71,77,Novembre,Novembre,5.6,6.0,18,4,7,2,5,5,1,3,no,"[""cheese_dairy_window"", ""plant_protein_main""]","[{""count"": 7, ""group"": ""poultry"", ""share"": 0.5}]","[{""distinct_days"": 6, ""ingredient_code"": ""cavolfiore"", ""meal_count"": 7}, {""distinct_days"": 4, ""ingredient_code"": ""gallette_riso"", ""meal_count"": 5}, {""distinct_days"": 4, ""ingredient_code"": ""grana"", ""meal_count"": 5}, {""distinct_days"": 4, ""ingredient_code"": ""latte_ps"", ""meal_count"": 5}, {""distinct_days"": 5, ""ingredient_code"": ""tacchino"", ""meal_count"": 5}]",[]
72,78,Novembre,Novembre,8.8,6.0,17,4,7,2,5,5,1,3,no,"[""egg_equivalent"", ""cheese_dairy_window"", ""plant_protein_main""]","[{""count"": 6, ""group"": ""poultry"", ""share"": 0.4615}]","[{""distinct_days"": 5, ""ingredient_code"": ""cavolfiore"", ""meal_count"": 6}, {""distinct_days"": 4, ""ingredient_code"": ""pane_bianco"", ""meal_count"": 5}]",[]
73,79,Novembre,Novembre,6.8,6.0,19,4,8,2,6,5,1,3,no,"[""egg_equivalent"", ""cheese_dairy_window"", ""plant_protein_main""]","[{""count"": 6, ""group"": ""poultry"", ""share"": 0.4615}]","[{""distinct_days"": 4, ""ingredient_code"": ""pane_bianco"", ""meal_count"": 5}]",[]
74,80,Novembre,Novembre,6.8,6.0,19,4,8,2,6,5,1,3,no,"[""egg_equivalent"", ""cheese_dairy_window"", ""plant_protein_main""]","[{""count"": 6, ""group"": ""poultry"", ""share"": 0.5}]","[{""distinct_days"": 4, ""ingredient_code"": ""pane_bianco"", ""meal_count"": 6}]",[]
75,81,Novembre,Novembre,10.4,6.0,21,4,8,2,6,5,1,3,no,"[""egg_equivalent"", ""cheese_dairy_window"", ""plant_protein_main""]","[{""count"": 6, ""group"": ""poultry"", ""share"": 0.5}]","[{""distinct_days"": 4, ""ingredient_code"": ""gallette_riso"", ""meal_count"": 5}, {""distinct_days"": 4, ""ingredient_code"": ""grana"", ""meal_count"": 5}, {""distinct_days"": 5, ""ingredient_code"": ""mandarino"", ""meal_count"": 5}, {""distinct_days"": 5, ""ingredient_code"": ""pane_bianco"", ""meal_count"": 7}, {""distinct_days"": 3, ""ingredient_code"": ""primosale"", ""meal_count"": 5}]",[]
76,82,Novembre,Novembre,14.0,6.0,21,4,7,2,5,5,1,3,no,"[""egg_equivalent"", ""cheese_dairy_window"", ""plant_protein_main""]","[{""count"": 5, ""group"": ""poultry"", ""share"": 0.4167}]","[{""distinct_days"": 4, ""ingredient_code"": ""albume"", ""meal_count"": 5}, {""distinct_days"": 6, ""ingredient_code"": ""pane_bianco"", ""meal_count"": 9}, {""distinct_days"": 4, ""ingredient_code"": ""ricotta"", ""meal_count"": 5}]",[]
77,83,Novembre,Novembre,17.2,6.0,20,4,7,1,6,5,0,3,no,"[""egg_equivalent"", ""cheese_dairy_window"", ""plant_protein_main""]","[{""count"": 5, ""group"": ""poultry"", ""share"": 0.4167}]","[{""distinct_days"": 5, ""ingredient_code"": ""albume"", ""meal_count"": 6}, {""distinct_days"": 6, ""ingredient_code"": ""pane_bianco"", ""meal_count"": 9}]","[{""minimum"": 2, ""observed"": 1, ""source"": ""pasta""}]"
78,84,Novembre,Novembre,17.2,6.0,17,4,6,0,6,5,0,3,no,"[""egg_equivalent"", ""cheese_dairy_window"", ""plant_protein_main""]",[],"[{""distinct_days"": 5, ""ingredient_code"": ""albume"", ""meal_count"": 6}, {""distinct_days"": 7, ""ingredient_code"": ""pane_bianco"", ""meal_count"": 10}, {""distinct_days"": 4, ""ingredient_code"": ""pera"", ""meal_count"": 5}, {""distinct_days"": 4, ""ingredient_code"": ""ricotta"", ""meal_count"": 5}]","[{""minimum"": 2, ""observed"": 0, ""source"": ""pasta""}]"
79,85,Novembre,Novembre,16.6,6.0,18,4,6,0,6,5,0,3,no,"[""egg_equivalent"", ""cheese_dairy_window"", ""plant_protein_main""]",[],"[{""distinct_days"": 5, ""ingredient_code"": ""albume"", ""meal_count"": 5}, {""distinct_days"": 7, ""ingredient_code"": ""pane_bianco"", ""meal_count"": 10}, {""distinct_days"": 4, ""ingredient_code"": ""pera"", ""meal_count"": 5}, {""distinct_days"": 3, ""ingredient_code"": ""primosale"", ""meal_count"": 5}, {""distinct_days"": 4, ""ingredient_code"": ""ricotta"", ""meal_count"": 5}]","[{""minimum"": 2, ""observed"": 0, ""source"": ""pasta""}]"
80,86,Novembre,Novembre,18.6,6.0,18,4,5,0,5,5,0,3,no,"[""egg_equivalent"", ""cheese_dairy_window"", ""plant_protein_main""]",[],"[{""distinct_days"": 5, ""ingredient_code"": ""albume"", ""meal_count"": 5}, {""distinct_days"": 7, ""ingredient_code"": ""pane_bianco"", ""meal_count"": 10}, {""distinct_days"": 4, ""ingredient_code"": ""primosale"", ""meal_count"": 7}, {""distinct_days"": 5, ""ingredient_code"": ""uovo"", ""meal_count"": 5}]","[{""minimum"": 2, ""observed"": 0, ""source"": ""pasta""}]"
81,87,Novembre,Novembre,21.6,6.0,20,4,5,0,5,5,0,3,no,"[""egg_equivalent"", ""cheese_dairy_window"", ""plant_protein_main""]",[],"[{""distinct_days"": 5, ""ingredient_code"": ""albume"", ""meal_count"": 5}, {""distinct_days"": 4, ""ingredient_code"": ""crackers"", ""meal_count"": 5}, {""distinct_days"": 4, ""ingredient_code"": ""finocchio"", ""meal_count"": 5}, {""distinct_days"": 7, ""ingredient_code"": ""pane_bianco"", ""meal_count"": 11}, {""distinct_days"": 4, ""ingredient_code"": ""primosale"", ""meal_count"": 7}, {""distinct_days"": 6, ""ingredient_code"": ""uovo"", ""meal_count"": 7}]","[{""minimum"": 2, ""observed"": 0, ""source"": ""pasta""}]"
82,88,Novembre,Novembre,25.2,6.0,17,4,4,0,4,5,0,3,no,"[""egg_equivalent"", ""cheese_dairy_window"", ""pasta_rice"", ""plant_protein_main""]",[],"[{""distinct_days"": 5, ""ingredient_code"": ""albume"", ""meal_count"": 6}, {""distinct_days"": 4, ""ingredient_code"": ""crackers"", ""meal_count"": 5}, {""distinct_days"": 4, ""ingredient_code"": ""finocchio"", ""meal_count"": 5}, {""distinct_days"": 7, ""ingredient_code"": ""pane_bianco"", ""meal_count"": 12}, {""distinct_days"": 3, ""ingredient_code"": ""primosale"", ""meal_count"": 5}, {""distinct_days"": 6, ""ingredient_code"": ""uovo"", ""meal_count"": 7}]","[{""minimum"": 2, ""observed"": 0, ""source"": ""pasta""}]"
83,89,Novembre,Novembre,21.6,6.0,16,4,6,0,6,5,0,3,no,"[""egg_equivalent"", ""cheese_dairy_window"", ""plant_protein_main""]","[{""count"": 6, ""group"": ""poultry"", ""share"": 0.4286}]","[{""distinct_days"": 4, ""ingredient_code"": ""albume"", ""meal_count"": 5}, {""distinct_days"": 4, ""ingredient_code"": ""finocchio"", ""meal_count"": 5}, {""distinct_days"": 5, ""ingredient_code"": ""latte_ps"", ""meal_count"": 5}, {""distinct_days"": 6, ""ingredient_code"": ""pane_bianco"", ""meal_count"": 10}, {""distinct_days"": 3, ""ingredient_code"": ""pera"", ""meal_count"": 5}, {""distinct_days"": 3, ""ingredient_code"": ""primosale"", ""meal_count"": 5}, {""distinct_days"": 5, ""ingredient_code"": ""uovo"", ""meal_count"": 6}]","[{""minimum"": 2, ""observed"": 0, ""source"": ""pasta""}]"
84,90,Novembre,Novembre,18.4,6.0,14,4,5,0,5,5,0,3,no,"[""egg_equivalent"", ""cheese_dairy_window"", ""plant_protein_main""]","[{""count"": 6, ""group"": ""poultry"", ""share"": 0.4615}]","[{""distinct_days"": 6, ""ingredient_code"": ""latte_ps"", ""meal_count"": 7}, {""distinct_days"": 6, ""ingredient_code"": ""pane_bianco"", ""meal_count"": 10}, {""distinct_days"": 3, ""ingredient_code"": ""pera"", ""meal_count"": 5}, {""distinct_days"": 3, ""ingredient_code"": ""primosale"", ""meal_count"": 5}, {""distinct_days"": 5, ""ingredient_code"": ""uovo"", ""meal_count"": 6}]","[{""minimum"": 2, ""observed"": 0, ""source"": ""pasta""}]"
85,91,Novembre,Dicembre,24.2,6.0,13,4,5,0,5,5,0,3,no,"[""egg_equivalent"", ""cheese_dairy_window"", ""plant_protein_main""]",[],"[{""distinct_days"": 4, ""ingredient_code"": ""albume"", ""meal_count"": 6}, {""distinct_days"": 6, ""ingredient_code"": ""latte_ps"", ""meal_count"": 8}, {""distinct_days"": 6, ""ingredient_code"": ""pane_bianco"", ""meal_count"": 10}, {""distinct_days"": 3, ""ingredient_code"": ""primosale"", ""meal_count"": 5}, {""distinct_days"": 5, ""ingredient_code"": ""uovo"", ""meal_count"": 6}]","[{""minimum"": 2, ""observed"": 0, ""source"": ""pasta""}]"
86,92,Novembre,Dicembre,20.6,6.0,13,4,5,0,5,5,0,3,no,"[""egg_equivalent"", ""cheese_dairy_window"", ""plant_protein_main""]","[{""count"": 6, ""group"": ""poultry"", ""share"": 0.4615}]","[{""distinct_days"": 3, ""ingredient_code"": ""albume"", ""meal_count"": 5}, {""distinct_days"": 6, ""ingredient_code"": ""latte_ps"", ""meal_count"": 9}, {""distinct_days"": 5, ""ingredient_code"": ""pane_bianco"", ""meal_count"": 8}, {""distinct_days"": 4, ""ingredient_code"": ""uovo"", ""meal_count"": 5}]","[{""minimum"": 2, ""observed"": 0, ""source"": ""pasta""}]"
87,93,Novembre,Dicembre,25.4,6.0,10,4,5,0,5,5,0,3,no,"[""egg_equivalent"", ""cheese_dairy_window"", ""plant_protein_main""]",[],"[{""distinct_days"": 4, ""ingredient_code"": ""albume"", ""meal_count"": 7}, {""distinct_days"": 5, ""ingredient_code"": ""latte_ps"", ""meal_count"": 8}, {""distinct_days"": 5, ""ingredient_code"": ""pane_bianco"", ""meal_count"": 9}, {""distinct_days"": 4, ""ingredient_code"": ""uovo"", ""meal_count"": 5}]","[{""minimum"": 2, ""observed"": 0, ""source"": ""pasta""}]"
88,94,Novembre,Dicembre,25.8,6.0,9,4,6,1,5,5,0,3,no,"[""egg_equivalent"", ""cheese_dairy_window"", ""plant_protein_main""]","[{""count"": 6, ""group"": ""poultry"", ""share"": 0.4615}]","[{""distinct_days"": 4, ""ingredient_code"": ""albume"", ""meal_count"": 7}, {""distinct_days"": 4, ""ingredient_code"": ""latte_ps"", ""meal_count"": 7}, {""distinct_days"": 5, ""ingredient_code"": ""pane_bianco"", ""meal_count"": 9}, {""distinct_days"": 4, ""ingredient_code"": ""uovo"", ""meal_count"": 5}]","[{""minimum"": 2, ""observed"": 1, ""source"": ""pasta""}]"
89,95,Novembre,Dicembre,20.6,6.0,9,4,7,1,6,5,0,3,no,"[""egg_equivalent"", ""cheese_dairy_window"", ""plant_protein_main""]","[{""count"": 7, ""group"": ""poultry"", ""share"": 0.5385}]","[{""distinct_days"": 3, ""ingredient_code"": ""albume"", ""meal_count"": 5}, {""distinct_days"": 4, ""ingredient_code"": ""latte_ps"", ""meal_count"": 7}, {""distinct_days"": 5, ""ingredient_code"": ""pane_bianco"", ""meal_count"": 9}, {""distinct_days"": 4, ""ingredient_code"": ""uovo"", ""meal_count"": 5}]","[{""minimum"": 2, ""observed"": 1, ""source"": ""pasta""}]"
90,96,Novembre,Dicembre,20.6,6.0,7,4,6,1,5,5,0,3,no,"[""egg_equivalent"", ""cheese_dairy_window"", ""plant_protein_main""]",[],"[{""distinct_days"": 3, ""ingredient_code"": ""albume"", ""meal_count"": 5}, {""distinct_days"": 5, ""ingredient_code"": ""banana"", ""meal_count"": 5}, {""distinct_days"": 3, ""ingredient_code"": ""latte_ps"", ""meal_count"": 6}, {""distinct_days"": 5, ""ingredient_code"": ""pane_bianco"", ""meal_count"": 9}, {""distinct_days"": 5, ""ingredient_code"": ""patata"", ""meal_count"": 5}, {""distinct_days"": 4, ""ingredient_code"": ""uovo"", ""meal_count"": 5}]","[{""minimum"": 2, ""observed"": 1, ""source"": ""pasta""}]"
91,97,Dicembre,Dicembre,20.6,6.0,10,4,7,1,6,5,0,3,no,"[""egg_equivalent"", ""cheese_dairy_window"", ""plant_protein_main""]",[],"[{""distinct_days"": 3, ""ingredient_code"": ""albume"", ""meal_count"": 5}, {""distinct_days"": 5, ""ingredient_code"": ""banana"", ""meal_count"": 5}, {""distinct_days"": 3, ""ingredient_code"": ""latte_ps"", ""meal_count"": 5}, {""distinct_days"": 5, ""ingredient_code"": ""pane_bianco"", ""meal_count"": 9}, {""distinct_days"": 5, ""ingredient_code"": ""patata"", ""meal_count"": 5}, {""distinct_days"": 4, ""ingredient_code"": ""uovo"", ""meal_count"": 5}]","[{""minimum"": 2, ""observed"": 1, ""source"": ""pasta""}]"
92,98,Dicembre,Dicembre,17.0,6.0,10,4,7,1,6,5,0,3,no,"[""egg_equivalent"", ""cheese_dairy_window"", ""plant_protein_main""]","[{""count"": 7, ""group"": ""poultry"", ""share"": 0.5}]","[{""distinct_days"": 3, ""ingredient_code"": ""albume"", ""meal_count"": 5}, {""distinct_days"": 5, ""ingredient_code"": ""banana"", ""meal_count"": 5}, {""distinct_days"": 5, ""ingredient_code"": ""pane_bianco"", ""meal_count"": 9}]","[{""minimum"": 2, ""observed"": 1, ""source"": ""pasta""}]"
93,99,Dicembre,Dicembre,22.6,6.0,9,4,7,1,6,5,0,3,no,"[""egg_equivalent"", ""cheese_dairy_window"", ""plant_protein_main""]","[{""count"": 6, ""group"": ""poultry"", ""share"": 0.4286}]","[{""distinct_days"": 4, ""ingredient_code"": ""albume"", ""meal_count"": 6}, {""distinct_days"": 6, ""ingredient_code"": ""pane_bianco"", ""meal_count"": 12}, {""distinct_days"": 5, ""ingredient_code"": ""patata"", ""meal_count"": 5}, {""distinct_days"": 4, ""ingredient_code"": ""uovo"", ""meal_count"": 7}]","[{""minimum"": 2, ""observed"": 1, ""source"": ""pasta""}]"
94,100,Dicembre,Dicembre,17.4,6.0,10,4,6,1,5,5,0,3,no,"[""egg_equivalent"", ""cheese_dairy_window"", ""plant_protein_main""]","[{""count"": 7, ""group"": ""poultry"", ""share"": 0.5385}]","[{""distinct_days"": 4, ""ingredient_code"": ""albume"", ""meal_count"": 5}, {""distinct_days"": 6, ""ingredient_code"": ""pane_bianco"", ""meal_count"": 11}, {""distinct_days"": 5, ""ingredient_code"": ""patata"", ""meal_count"": 5}, {""distinct_days"": 3, ""ingredient_code"": ""uovo"", ""meal_count"": 6}]","[{""minimum"": 2, ""observed"": 1, ""source"": ""pasta""}]"
95,101,Dicembre,Dicembre,14.4,6.0,10,4,6,0,6,5,0,3,no,"[""egg_equivalent"", ""cheese_dairy_window"", ""plant_protein_main""]","[{""count"": 6, ""group"": ""poultry"", ""share"": 0.4615}]","[{""distinct_days"": 5, ""ingredient_code"": ""cavolfiore"", ""meal_count"": 5}, {""distinct_days"": 6, ""ingredient_code"": ""pane_bianco"", ""meal_count"": 10}, {""distinct_days"": 5, ""ingredient_code"": ""patata"", ""meal_count"": 5}, {""distinct_days"": 3, ""ingredient_code"": ""spinaci"", ""meal_count"": 5}, {""distinct_days"": 3, ""ingredient_code"": ""uovo"", ""meal_count"": 5}]","[{""minimum"": 2, ""observed"": 0, ""source"": ""pasta""}]"
96,102,Dicembre,Dicembre,13.4,6.0,12,4,6,0,6,5,0,3,no,"[""egg_equivalent"", ""cheese_dairy_window"", ""plant_protein_main""]",[],"[{""distinct_days"": 5, ""ingredient_code"": ""cavolfiore"", ""meal_count"": 5}, {""distinct_days"": 4, ""ingredient_code"": ""gallette_riso"", ""meal_count"": 5}, {""distinct_days"": 6, ""ingredient_code"": ""pane_bianco"", ""meal_count"": 9}, {""distinct_days"": 3, ""ingredient_code"": ""spinaci"", ""meal_count"": 5}, {""distinct_days"": 3, ""ingredient_code"": ""uovo"", ""meal_count"": 5}]","[{""minimum"": 2, ""observed"": 0, ""source"": ""pasta""}]"
97,103,Dicembre,Dicembre,13.4,6.0,12,4,6,0,6,5,0,3,no,"[""egg_equivalent"", ""cheese_dairy_window"", ""plant_protein_main""]","[{""count"": 6, ""group"": ""poultry"", ""share"": 0.4615}]","[{""distinct_days"": 4, ""ingredient_code"": ""gallette_riso"", ""meal_count"": 5}, {""distinct_days"": 7, ""ingredient_code"": ""pane_bianco"", ""meal_count"": 10}, {""distinct_days"": 3, ""ingredient_code"": ""spinaci"", ""meal_count"": 5}, {""distinct_days"": 3, ""ingredient_code"": ""uovo"", ""meal_count"": 5}]","[{""minimum"": 2, ""observed"": 0, ""source"": ""pasta""}]"
98,104,Dicembre,Dicembre,13.4,6.0,11,4,6,0,6,5,0,3,no,"[""egg_equivalent"", ""cheese_dairy_window"", ""plant_protein_main""]","[{""count"": 6, ""group"": ""poultry"", ""share"": 0.4615}]","[{""distinct_days"": 7, ""ingredient_code"": ""pane_bianco"", ""meal_count"": 10}, {""distinct_days"": 4, ""ingredient_code"": ""spinaci"", ""meal_count"": 6}, {""distinct_days"": 3, ""ingredient_code"": ""uovo"", ""meal_count"": 5}]","[{""minimum"": 2, ""observed"": 0, ""source"": ""pasta""}]"
99,105,Dicembre,Dicembre,10.2,6.0,13,4,7,0,7,5,0,3,no,"[""egg_equivalent"", ""cheese_dairy_window"", ""plant_protein_main""]","[{""count"": 6, ""group"": ""poultry"", ""share"": 0.4615}]","[{""distinct_days"": 3, ""ingredient_code"": ""mandarino"", ""meal_count"": 5}, {""distinct_days"": 6, ""ingredient_code"": ""pane_bianco"", ""meal_count"": 9}, {""distinct_days"": 4, ""ingredient_code"": ""spinaci"", ""meal_count"": 6}, {""distinct_days"": 3, ""ingredient_code"": ""uovo"", ""meal_count"": 5}]","[{""minimum"": 2, ""observed"": 0, ""source"": ""pasta""}]"
100,106,Dicembre,Dicembre,4.6,6.0,15,4,8,0,8,5,1,3,no,"[""cheese_dairy_window"", ""plant_protein_main""]","[{""count"": 7, ""group"": ""poultry"", ""share"": 0.5385}]","[{""distinct_days"": 3, ""ingredient_code"": ""grana"", ""meal_count"": 5}, {""distinct_days"": 4, ""ingredient_code"": ""mandarino"", ""meal_count"": 7}, {""distinct_days"": 6, ""ingredient_code"": ""pane_bianco"", ""meal_count"": 8}, {""distinct_days"": 4, ""ingredient_code"": ""spinaci"", ""meal_count"": 6}, {""distinct_days"": 5, ""ingredient_code"": ""tacchino"", ""meal_count"": 5}]","[{""minimum"": 2, ""observed"": 0, ""source"": ""pasta""}]"
101,107,Dicembre,Dicembre,3.0,6.0,17,4,10,1,9,5,1,3,no,"[""cheese_dairy_window"", ""plant_protein_main""]","[{""count"": 6, ""group"": ""poultry"", ""share"": 0.4286}]","[{""distinct_days"": 4, ""ingredient_code"": ""grana"", ""meal_count"": 7}, {""distinct_days"": 4, ""ingredient_code"": ""mandarino"", ""meal_count"": 7}, {""distinct_days"": 5, ""ingredient_code"": ""pane_bianco"", ""meal_count"": 7}, {""distinct_days"": 4, ""ingredient_code"": ""primosale"", ""meal_count"": 5}, {""distinct_days"": 5, ""ingredient_code"": ""spinaci"", ""meal_count"": 7}]","[{""minimum"": 2, ""observed"": 1, ""source"": ""pasta""}]"
102,108,Dicembre,Dicembre,2.6,6.0,17,4,10,1,9,5,1,3,no,"[""cheese_dairy_window"", ""plant_protein_main""]","[{""count"": 8, ""group"": ""poultry"", ""share"": 0.5714}]","[{""distinct_days"": 3, ""ingredient_code"": ""grana"", ""meal_count"": 6}, {""distinct_days"": 3, ""ingredient_code"": ""mandarino"", ""meal_count"": 6}, {""distinct_days"": 5, ""ingredient_code"": ""pane_bianco"", ""meal_count"": 6}, {""distinct_days"": 4, ""ingredient_code"": ""primosale"", ""meal_count"": 5}, {""distinct_days"": 4, ""ingredient_code"": ""spinaci"", ""meal_count"": 5}]","[{""minimum"": 2, ""observed"": 1, ""source"": ""pasta""}]"
103,109,Dicembre,Dicembre,3.2,6.0,17,4,9,1,8,5,1,3,no,"[""cheese_dairy_window"", ""plant_protein_main""]","[{""count"": 9, ""group"": ""poultry"", ""share"": 0.6429}]","[{""distinct_days"": 3, ""ingredient_code"": ""grana"", ""meal_count"": 6}, {""distinct_days"": 3, ""ingredient_code"": ""mandarino"", ""meal_count"": 6}, {""distinct_days"": 5, ""ingredient_code"": ""pane_bianco"", ""meal_count"": 6}, {""distinct_days"": 4, ""ingredient_code"": ""pollo"", ""meal_count"": 5}]","[{""minimum"": 2, ""observed"": 1, ""source"": ""pasta""}]"
104,110,Dicembre,Dicembre,3.2,6.0,17,4,8,1,7,5,1,3,no,"[""cheese_dairy_window"", ""plant_protein_main""]","[{""count"": 7, ""group"": ""poultry"", ""share"": 0.5385}]","[{""distinct_days"": 3, ""ingredient_code"": ""grana"", ""meal_count"": 6}, {""distinct_days"": 5, ""ingredient_code"": ""pane_bianco"", ""meal_count"": 6}]","[{""minimum"": 2, ""observed"": 1, ""source"": ""pasta""}]"
105,111,Dicembre,Dicembre,8.4,6.0,18,4,8,1,7,5,1,3,no,"[""egg_equivalent"", ""cheese_dairy_window"", ""plant_protein_main""]","[{""count"": 7, ""group"": ""poultry"", ""share"": 0.5385}]","[{""distinct_days"": 3, ""ingredient_code"": ""carota"", ""meal_count"": 5}, {""distinct_days"": 4, ""ingredient_code"": ""grana"", ""meal_count"": 8}, {""distinct_days"": 3, ""ingredient_code"": ""mandarino"", ""meal_count"": 6}, {""distinct_days"": 5, ""ingredient_code"": ""pane_bianco"", ""meal_count"": 6}]","[{""minimum"": 2, ""observed"": 1, ""source"": ""pasta""}]"
106,112,Dicembre,Dicembre,12.0,6.0,17,4,6,1,5,5,1,3,no,"[""egg_equivalent"", ""cheese_dairy_window"", ""plant_protein_main""]",[],"[{""distinct_days"": 3, ""ingredient_code"": ""grana"", ""meal_count"": 6}, {""distinct_days"": 6, ""ingredient_code"": ""pane_bianco"", ""meal_count"": 8}]","[{""minimum"": 2, ""observed"": 1, ""source"": ""pasta""}]"
107,113,Dicembre,Dicembre,18.4,6.0,15,4,6,1,5,5,0,3,no,"[""egg_equivalent"", ""cheese_dairy_window"", ""plant_protein_main""]",[],"[{""distinct_days"": 5, ""ingredient_code"": ""albume"", ""meal_count"": 6}, {""distinct_days"": 4, ""ingredient_code"": ""banana"", ""meal_count"": 5}, {""distinct_days"": 3, ""ingredient_code"": ""carota"", ""meal_count"": 5}, {""distinct_days"": 3, ""ingredient_code"": ""grana"", ""meal_count"": 5}, {""distinct_days"": 4, ""ingredient_code"": ""latte_ps"", ""meal_count"": 5}, {""distinct_days"": 6, ""ingredient_code"": ""pane_bianco"", ""meal_count"": 7}]","[{""minimum"": 2, ""observed"": 1, ""source"": ""pasta""}]"
108,114,Dicembre,Dicembre,20.4,6.0,14,4,4,0,4,5,0,3,no,"[""egg_equivalent"", ""cheese_dairy_window"", ""pasta_rice"", ""plant_protein_main""]",[],"[{""distinct_days"": 5, ""ingredient_code"": ""albume"", ""meal_count"": 6}, {""distinct_days"": 3, ""ingredient_code"": ""carota"", ""meal_count"": 5}, {""distinct_days"": 7, ""ingredient_code"": ""pane_bianco"", ""meal_count"": 8}]","[{""minimum"": 2, ""observed"": 0, ""source"": ""pasta""}]"
109,115,Dicembre,Dicembre,24.4,6.0,14,4,4,0,4,5,0,3,no,"[""egg_equivalent"", ""cheese_dairy_window"", ""pasta_rice"", ""plant_protein_main""]",[],"[{""distinct_days"": 5, ""ingredient_code"": ""albume"", ""meal_count"": 6}, {""distinct_days"": 3, ""ingredient_code"": ""carota"", ""meal_count"": 5}, {""distinct_days"": 4, ""ingredient_code"": ""crackers"", ""meal_count"": 5}, {""distinct_days"": 5, ""ingredient_code"": ""latte_ps"", ""meal_count"": 5}, {""distinct_days"": 7, ""ingredient_code"": ""pane_bianco"", ""meal_count"": 8}, {""distinct_days"": 4, ""ingredient_code"": ""uovo"", ""meal_count"": 6}]","[{""minimum"": 2, ""observed"": 0, ""source"": ""pasta""}]"
110,116,Dicembre,Dicembre,27.0,6.0,13,4,5,0,5,5,0,3,no,"[""egg_equivalent"", ""cheese_dairy_window"", ""plant_protein_main""]",[],"[{""distinct_days"": 5, ""ingredient_code"": ""albume"", ""meal_count"": 6}, {""distinct_days"": 5, ""ingredient_code"": ""latte_ps"", ""meal_count"": 5}, {""distinct_days"": 7, ""ingredient_code"": ""pane_bianco"", ""meal_count"": 8}, {""distinct_days"": 5, ""ingredient_code"": ""patata"", ""meal_count"": 5}, {""distinct_days"": 5, ""ingredient_code"": ""uovo"", ""meal_count"": 7}]","[{""minimum"": 2, ""observed"": 0, ""source"": ""pasta""}]"
111,117,Dicembre,Dicembre,32.6,6.0,17,4,5,0,5,5,0,3,no,"[""egg_equivalent"", ""cheese_dairy_window"", ""plant_protein_main""]","[{""count"": 6, ""group"": ""eggs"", ""share"": 0.4286}]","[{""distinct_days"": 6, ""ingredient_code"": ""albume"", ""meal_count"": 7}, {""distinct_days"": 4, ""ingredient_code"": ""carota"", ""meal_count"": 5}, {""distinct_days"": 5, ""ingredient_code"": ""latte_ps"", ""meal_count"": 5}, {""distinct_days"": 7, ""ingredient_code"": ""pane_bianco"", ""meal_count"": 9}, {""distinct_days"": 6, ""ingredient_code"": ""patata"", ""meal_count"": 6}, {""distinct_days"": 6, ""ingredient_code"": ""uovo"", ""meal_count"": 9}]","[{""minimum"": 2, ""observed"": 0, ""source"": ""pasta""}]"
112,118,Dicembre,Dicembre,29.6,6.0,14,4,5,0,5,5,0,3,no,"[""egg_equivalent"", ""cheese_dairy_window"", ""plant_protein_main""]",[],"[{""distinct_days"": 6, ""ingredient_code"": ""albume"", ""meal_count"": 7}, {""distinct_days"": 4, ""ingredient_code"": ""carota"", ""meal_count"": 5}, {""distinct_days"": 7, ""ingredient_code"": ""pane_bianco"", ""meal_count"": 9}, {""distinct_days"": 6, ""ingredient_code"": ""patata"", ""meal_count"": 6}, {""distinct_days"": 6, ""ingredient_code"": ""uovo"", ""meal_count"": 9}]","[{""minimum"": 2, ""observed"": 0, ""source"": ""pasta""}]"
113,119,Dicembre,Dicembre,26.0,6.0,16,4,6,0,6,5,0,3,no,"[""egg_equivalent"", ""cheese_dairy_window"", ""plant_protein_main""]","[{""count"": 6, ""group"": ""poultry"", ""share"": 0.4286}]","[{""distinct_days"": 5, ""ingredient_code"": ""albume"", ""meal_count"": 6}, {""distinct_days"": 4, ""ingredient_code"": ""carota"", ""meal_count"": 5}, {""distinct_days"": 7, ""ingredient_code"": ""pane_bianco"", ""meal_count"": 8}, {""distinct_days"": 5, ""ingredient_code"": ""patata"", ""meal_count"": 5}, {""distinct_days"": 3, ""ingredient_code"": ""primosale"", ""meal_count"": 5}, {""distinct_days"": 5, ""ingredient_code"": ""ricotta"", ""meal_count"": 5}, {""distinct_days"": 5, ""ingredient_code"": ""uovo"", ""meal_count"": 8}]","[{""minimum"": 2, ""observed"": 0, ""source"": ""pasta""}]"
114,120,Dicembre,Dicembre,21.2,6.0,17,4,5,0,5,5,0,3,no,"[""egg_equivalent"", ""cheese_dairy_window"", ""plant_protein_main""]","[{""count"": 6, ""group"": ""poultry"", ""share"": 0.4615}]","[{""distinct_days"": 5, ""ingredient_code"": ""albume"", ""meal_count"": 5}, {""distinct_days"": 7, ""ingredient_code"": ""pane_bianco"", ""meal_count"": 8}, {""distinct_days"": 5, ""ingredient_code"": ""patata"", ""meal_count"": 5}, {""distinct_days"": 4, ""ingredient_code"": ""pera"", ""meal_count"": 5}, {""distinct_days"": 6, ""ingredient_code"": ""ricotta"", ""meal_count"": 7}, {""distinct_days"": 5, ""ingredient_code"": ""uovo"", ""meal_count"": 8}]","[{""minimum"": 2, ""observed"": 0, ""source"": ""pasta""}]"
115,121,Dicembre,Gennaio,25.4,6.0,18,4,6,0,6,5,0,3,no,"[""egg_equivalent"", ""cheese_dairy_window"", ""plant_protein_main""]","[{""count"": 6, ""group"": ""poultry"", ""share"": 0.4615}]","[{""distinct_days"": 6, ""ingredient_code"": ""albume"", ""meal_count"": 7}, {""distinct_days"": 7, ""ingredient_code"": ""pane_bianco"", ""meal_count"": 10}, {""distinct_days"": 5, ""ingredient_code"": ""patata"", ""meal_count"": 5}, {""distinct_days"": 4, ""ingredient_code"": ""pera"", ""meal_count"": 5}, {""distinct_days"": 5, ""ingredient_code"": ""ricotta"", ""meal_count"": 6}, {""distinct_days"": 5, ""ingredient_code"": ""uovo"", ""meal_count"": 9}]","[{""minimum"": 2, ""observed"": 0, ""source"": ""pasta""}]"
116,122,Dicembre,Gennaio,19.8,6.0,19,4,5,0,5,5,0,3,no,"[""egg_equivalent"", ""cheese_dairy_window"", ""plant_protein_main""]",[],"[{""distinct_days"": 5, ""ingredient_code"": ""albume"", ""meal_count"": 6}, {""distinct_days"": 7, ""ingredient_code"": ""pane_bianco"", ""meal_count"": 12}, {""distinct_days"": 5, ""ingredient_code"": ""pera"", ""meal_count"": 6}, {""distinct_days"": 5, ""ingredient_code"": ""ricotta"", ""meal_count"": 6}, {""distinct_days"": 4, ""ingredient_code"": ""uovo"", ""meal_count"": 6}]","[{""minimum"": 2, ""observed"": 0, ""source"": ""pasta""}]"
117,123,Dicembre,Gennaio,22.4,6.0,18,4,5,0,5,5,0,3,no,"[""egg_equivalent"", ""cheese_dairy_window"", ""plant_protein_main""]",[],"[{""distinct_days"": 5, ""ingredient_code"": ""albume"", ""meal_count"": 6}, {""distinct_days"": 7, ""ingredient_code"": ""pane_bianco"", ""meal_count"": 12}, {""distinct_days"": 5, ""ingredient_code"": ""pera"", ""meal_count"": 6}, {""distinct_days"": 3, ""ingredient_code"": ""primosale"", ""meal_count"": 5}, {""distinct_days"": 4, ""ingredient_code"": ""ricotta"", ""meal_count"": 5}, {""distinct_days"": 4, ""ingredient_code"": ""uovo"", ""meal_count"": 6}]","[{""minimum"": 2, ""observed"": 0, ""source"": ""pasta""}]"
118,124,Dicembre,Gennaio,17.4,6.0,16,4,6,1,5,5,0,3,no,"[""egg_equivalent"", ""cheese_dairy_window"", ""plant_protein_main""]",[],"[{""distinct_days"": 4, ""ingredient_code"": ""albume"", ""meal_count"": 5}, {""distinct_days"": 7, ""ingredient_code"": ""pane_bianco"", ""meal_count"": 11}, {""distinct_days"": 4, ""ingredient_code"": ""ricotta"", ""meal_count"": 5}, {""distinct_days"": 4, ""ingredient_code"": ""uovo"", ""meal_count"": 5}]","[{""minimum"": 2, ""observed"": 1, ""source"": ""pasta""}]"
119,125,Dicembre,Gennaio,15.2,6.0,19,4,6,1,5,5,0,3,no,"[""egg_equivalent"", ""cheese_dairy_window"", ""plant_protein_main""]",[],"[{""distinct_days"": 6, ""ingredient_code"": ""pane_bianco"", ""meal_count"": 10}, {""distinct_days"": 5, ""ingredient_code"": ""ricotta"", ""meal_count"": 6}]","[{""minimum"": 2, ""observed"": 1, ""source"": ""pasta""}]"
120,126,Dicembre,Gennaio,15.2,6.0,16,4,7,1,6,5,0,3,no,"[""egg_equivalent"", ""cheese_dairy_window"", ""plant_protein_main""]",[],"[{""distinct_days"": 5, ""ingredient_code"": ""pane_bianco"", ""meal_count"": 9}, {""distinct_days"": 4, ""ingredient_code"": ""ricotta"", ""meal_count"": 5}]","[{""minimum"": 2, ""observed"": 1, ""source"": ""pasta""}]"
121,127,Gennaio,Gennaio,13.6,6.0,15,4,6,1,5,5,0,3,no,"[""egg_equivalent"", ""cheese_dairy_window"", ""plant_protein_main""]",[],"[{""distinct_days"": 5, ""ingredient_code"": ""pane_bianco"", ""meal_count"": 10}]","[{""minimum"": 2, ""observed"": 1, ""source"": ""pasta""}]"
122,128,Gennaio,Gennaio,9.0,6.0,14,4,5,1,4,5,0,3,no,"[""egg_equivalent"", ""cheese_dairy_window"", ""plant_protein_main""]",[],"[{""distinct_days"": 5, ""ingredient_code"": ""banana"", ""meal_count"": 5}, {""distinct_days"": 5, ""ingredient_code"": ""pane_bianco"", ""meal_count"": 8}]","[{""minimum"": 2, ""observed"": 1, ""source"": ""pasta""}]"
123,129,Gennaio,Gennaio,14.6,6.0,12,4,6,1,5,5,0,3,no,"[""egg_equivalent"", ""cheese_dairy_window"", ""plant_protein_main""]","[{""count"": 6, ""group"": ""poultry"", ""share"": 0.4615}]","[{""distinct_days"": 5, ""ingredient_code"": ""banana"", ""meal_count"": 5}, {""distinct_days"": 5, ""ingredient_code"": ""pane_bianco"", ""meal_count"": 7}]","[{""minimum"": 2, ""observed"": 1, ""source"": ""pasta""}]"
124,130,Gennaio,Gennaio,9.4,6.0,12,4,5,1,4,5,0,3,no,"[""egg_equivalent"", ""cheese_dairy_window"", ""plant_protein_main""]","[{""count"": 6, ""group"": ""poultry"", ""share"": 0.5}]","[{""distinct_days"": 6, ""ingredient_code"": ""banana"", ""meal_count"": 7}, {""distinct_days"": 5, ""ingredient_code"": ""pane_bianco"", ""meal_count"": 7}]","[{""minimum"": 2, ""observed"": 1, ""source"": ""pasta""}]"
125,131,Gennaio,Gennaio,10.8,6.0,13,4,6,0,6,5,0,3,no,"[""egg_equivalent"", ""cheese_dairy_window"", ""plant_protein_main""]","[{""count"": 5, ""group"": ""poultry"", ""share"": 0.4167}]","[{""distinct_days"": 5, ""ingredient_code"": ""banana"", ""meal_count"": 6}, {""distinct_days"": 3, ""ingredient_code"": ""crackers"", ""meal_count"": 6}, {""distinct_days"": 4, ""ingredient_code"": ""pane_bianco"", ""meal_count"": 6}, {""distinct_days"": 5, ""ingredient_code"": ""sedano_rapa"", ""meal_count"": 5}]","[{""minimum"": 2, ""observed"": 0, ""source"": ""pasta""}]"
126,132,Gennaio,Gennaio,12.8,6.0,11,4,6,0,6,5,0,3,no,"[""egg_equivalent"", ""cheese_dairy_window"", ""plant_protein_main""]","[{""count"": 5, ""group"": ""poultry"", ""share"": 0.4167}]","[{""distinct_days"": 5, ""ingredient_code"": ""banana"", ""meal_count"": 6}, {""distinct_days"": 5, ""ingredient_code"": ""pane_bianco"", ""meal_count"": 8}, {""distinct_days"": 5, ""ingredient_code"": ""sedano_rapa"", ""meal_count"": 5}]","[{""minimum"": 2, ""observed"": 0, ""source"": ""pasta""}]"
127,133,Gennaio,Gennaio,14.4,6.0,10,4,4,0,4,5,0,3,no,"[""egg_equivalent"", ""cheese_dairy_window"", ""pasta_rice"", ""plant_protein_main""]","[{""count"": 5, ""group"": ""poultry"", ""share"": 0.4167}]","[{""distinct_days"": 5, ""ingredient_code"": ""albume"", ""meal_count"": 5}, {""distinct_days"": 4, ""ingredient_code"": ""banana"", ""meal_count"": 5}, {""distinct_days"": 6, ""ingredient_code"": ""pane_bianco"", ""meal_count"": 9}]","[{""minimum"": 2, ""observed"": 0, ""source"": ""pasta""}]"
128,134,Gennaio,Gennaio,14.4,6.0,12,4,4,0,4,5,0,3,no,"[""egg_equivalent"", ""cheese_dairy_window"", ""pasta_rice"", ""plant_protein_main""]","[{""count"": 5, ""group"": ""poultry"", ""share"": 0.4167}]","[{""distinct_days"": 5, ""ingredient_code"": ""albume"", ""meal_count"": 5}, {""distinct_days"": 4, ""ingredient_code"": ""banana"", ""meal_count"": 5}, {""distinct_days"": 4, ""ingredient_code"": ""bietola"", ""meal_count"": 5}, {""distinct_days"": 5, ""ingredient_code"": ""pane_bianco"", ""meal_count"": 7}, {""distinct_days"": 5, ""ingredient_code"": ""patata"", ""meal_count"": 5}]","[{""minimum"": 2, ""observed"": 0, ""source"": ""pasta""}]"
129,135,Gennaio,Gennaio,12.8,6.0,13,4,5,0,5,5,0,3,no,"[""egg_equivalent"", ""cheese_dairy_window"", ""plant_protein_main""]",[],"[{""distinct_days"": 4, ""ingredient_code"": ""bietola"", ""meal_count"": 5}, {""distinct_days"": 5, ""ingredient_code"": ""pane_bianco"", ""meal_count"": 7}, {""distinct_days"": 5, ""ingredient_code"": ""patata"", ""meal_count"": 5}]","[{""minimum"": 2, ""observed"": 0, ""source"": ""pasta""}]"
130,136,Gennaio,Gennaio,11.4,6.0,14,4,5,0,5,5,0,3,no,"[""egg_equivalent"", ""cheese_dairy_window"", ""plant_protein_main""]",[],"[{""distinct_days"": 4, ""ingredient_code"": ""bietola"", ""meal_count"": 5}, {""distinct_days"": 4, ""ingredient_code"": ""latte_ps"", ""meal_count"": 5}, {""distinct_days"": 5, ""ingredient_code"": ""pane_bianco"", ""meal_count"": 6}, {""distinct_days"": 5, ""ingredient_code"": ""patata"", ""meal_count"": 5}]","[{""minimum"": 2, ""observed"": 0, ""source"": ""pasta""}]"
131,137,Gennaio,Gennaio,11.8,6.0,16,4,7,1,6,5,0,3,no,"[""egg_equivalent"", ""cheese_dairy_window"", ""plant_protein_main""]","[{""count"": 6, ""group"": ""fish"", ""share"": 0.4286}]","[{""distinct_days"": 5, ""ingredient_code"": ""bietola"", ""meal_count"": 6}, {""distinct_days"": 5, ""ingredient_code"": ""grana"", ""meal_count"": 6}, {""distinct_days"": 5, ""ingredient_code"": ""pane_bianco"", ""meal_count"": 6}]","[{""minimum"": 2, ""observed"": 1, ""source"": ""pasta""}]"
132,138,Gennaio,Gennaio,15.4,6.0,13,4,5,1,4,5,0,3,no,"[""egg_equivalent"", ""cheese_dairy_window"", ""plant_protein_main""]","[{""count"": 6, ""group"": ""fish"", ""share"": 0.4286}]","[{""distinct_days"": 4, ""ingredient_code"": ""bietola"", ""meal_count"": 5}, {""distinct_days"": 4, ""ingredient_code"": ""grana"", ""meal_count"": 5}, {""distinct_days"": 6, ""ingredient_code"": ""pane_bianco"", ""meal_count"": 8}, {""distinct_days"": 5, ""ingredient_code"": ""patata"", ""meal_count"": 5}, {""distinct_days"": 4, ""ingredient_code"": ""uovo"", ""meal_count"": 5}]","[{""minimum"": 2, ""observed"": 1, ""source"": ""pasta""}]"
133,139,Gennaio,Gennaio,13.4,6.0,14,4,5,1,4,5,0,3,no,"[""egg_equivalent"", ""cheese_dairy_window"", ""plant_protein_main""]",[],"[{""distinct_days"": 4, ""ingredient_code"": ""latte_ps"", ""meal_count"": 5}, {""distinct_days"": 5, ""ingredient_code"": ""pane_bianco"", ""meal_count"": 6}, {""distinct_days"": 5, ""ingredient_code"": ""patata"", ""meal_count"": 5}]","[{""minimum"": 2, ""observed"": 1, ""source"": ""pasta""}]"
134,140,Gennaio,Gennaio,11.8,6.0,14,4,5,1,4,5,0,3,no,"[""egg_equivalent"", ""cheese_dairy_window"", ""plant_protein_main""]",[],"[{""distinct_days"": 5, ""ingredient_code"": ""latte_ps"", ""meal_count"": 7}, {""distinct_days"": 5, ""ingredient_code"": ""pane_bianco"", ""meal_count"": 6}]","[{""minimum"": 2, ""observed"": 1, ""source"": ""pasta""}]"
135,141,Gennaio,Gennaio,17.0,6.0,13,4,6,1,5,5,0,3,no,"[""egg_equivalent"", ""cheese_dairy_window"", ""plant_protein_main""]",[],"[{""distinct_days"": 3, ""ingredient_code"": ""carciofo"", ""meal_count"": 5}, {""distinct_days"": 4, ""ingredient_code"": ""fette_bianche"", ""meal_count"": 5}, {""distinct_days"": 3, ""ingredient_code"": ""gallette_riso"", ""meal_count"": 5}, {""distinct_days"": 4, ""ingredient_code"": ""grana"", ""meal_count"": 5}, {""distinct_days"": 5, ""ingredient_code"": ""latte_ps"", ""meal_count"": 7}, {""distinct_days"": 6, ""ingredient_code"": ""pane_bianco"", ""meal_count"": 7}, {""distinct_days"": 4, ""ingredient_code"": ""uovo"", ""meal_count"": 5}]","[{""minimum"": 2, ""observed"": 1, ""source"": ""pasta""}]"
136,142,Gennaio,Gennaio,21.6,6.0,13,4,5,1,4,5,0,3,no,"[""egg_equivalent"", ""cheese_dairy_window"", ""plant_protein_main""]",[],"[{""distinct_days"": 4, ""ingredient_code"": ""albume"", ""meal_count"": 5}, {""distinct_days"": 4, ""ingredient_code"": ""fette_bianche"", ""meal_count"": 5}, {""distinct_days"": 5, ""ingredient_code"": ""latte_ps"", ""meal_count"": 7}, {""distinct_days"": 6, ""ingredient_code"": ""pane_bianco"", ""meal_count"": 8}, {""distinct_days"": 5, ""ingredient_code"": ""patata"", ""meal_count"": 5}, {""distinct_days"": 5, ""ingredient_code"": ""uovo"", ""meal_count"": 7}]","[{""minimum"": 2, ""observed"": 1, ""source"": ""pasta""}]"
137,143,Gennaio,Gennaio,23.6,6.0,13,4,5,1,4,5,0,3,no,"[""egg_equivalent"", ""cheese_dairy_window"", ""plant_protein_main""]",[],"[{""distinct_days"": 4, ""ingredient_code"": ""albume"", ""meal_count"": 6}, {""distinct_days"": 3, ""ingredient_code"": ""carciofo"", ""meal_count"": 5}, {""distinct_days"": 4, ""ingredient_code"": ""fette_bianche"", ""meal_count"": 5}, {""distinct_days"": 4, ""ingredient_code"": ""latte_ps"", ""meal_count"": 5}, {""distinct_days"": 6, ""ingredient_code"": ""pane_bianco"", ""meal_count"": 10}, {""distinct_days"": 5, ""ingredient_code"": ""uovo"", ""meal_count"": 7}]","[{""minimum"": 2, ""observed"": 1, ""source"": ""pasta""}]"
138,144,Gennaio,Gennaio,21.6,6.0,13,4,5,0,5,5,0,3,no,"[""egg_equivalent"", ""cheese_dairy_window"", ""plant_protein_main""]",[],"[{""distinct_days"": 4, ""ingredient_code"": ""albume"", ""meal_count"": 6}, {""distinct_days"": 3, ""ingredient_code"": ""carciofo"", ""meal_count"": 5}, {""distinct_days"": 4, ""ingredient_code"": ""fette_bianche"", ""meal_count"": 5}, {""distinct_days"": 4, ""ingredient_code"": ""latte_ps"", ""meal_count"": 5}, {""distinct_days"": 6, ""ingredient_code"": ""pane_bianco"", ""meal_count"": 10}, {""distinct_days"": 4, ""ingredient_code"": ""uovo"", ""meal_count"": 5}]","[{""minimum"": 2, ""observed"": 0, ""source"": ""pasta""}]"
139,145,Gennaio,Gennaio,25.6,6.0,14,4,5,0,5,5,0,3,no,"[""egg_equivalent"", ""cheese_dairy_window"", ""plant_protein_main""]","[{""count"": 5, ""group"": ""eggs"", ""share"": 0.4167}]","[{""distinct_days"": 4, ""ingredient_code"": ""albume"", ""meal_count"": 7}, {""distinct_days"": 3, ""ingredient_code"": ""carciofo"", ""meal_count"": 5}, {""distinct_days"": 4, ""ingredient_code"": ""fette_bianche"", ""meal_count"": 5}, {""distinct_days"": 5, ""ingredient_code"": ""latte_ps"", ""meal_count"": 6}, {""distinct_days"": 6, ""ingredient_code"": ""pane_bianco"", ""meal_count"": 11}, {""distinct_days"": 4, ""ingredient_code"": ""patata"", ""meal_count"": 5}, {""distinct_days"": 4, ""ingredient_code"": ""uovo"", ""meal_count"": 7}]","[{""minimum"": 2, ""observed"": 0, ""source"": ""pasta""}]"
140,146,Gennaio,Gennaio,27.6,6.0,17,4,4,0,4,5,0,3,no,"[""egg_equivalent"", ""cheese_dairy_window"", ""pasta_rice"", ""plant_protein_main""]","[{""count"": 6, ""group"": ""eggs"", ""share"": 0.5}]","[{""distinct_days"": 5, ""ingredient_code"": ""albume"", ""meal_count"": 8}, {""distinct_days"": 4, ""ingredient_code"": ""latte_ps"", ""meal_count"": 5}, {""distinct_days"": 7, ""ingredient_code"": ""pane_bianco"", ""meal_count"": 13}, {""distinct_days"": 4, ""ingredient_code"": ""uovo"", ""meal_count"": 7}]","[{""minimum"": 2, ""observed"": 0, ""source"": ""pasta""}]"
141,147,Gennaio,Gennaio,31.2,6.0,21,4,4,0,4,5,0,3,no,"[""egg_equivalent"", ""cheese_dairy_window"", ""pasta_rice"", ""plant_protein_main""]","[{""count"": 7, ""group"": ""eggs"", ""share"": 0.5385}]","[{""distinct_days"": 6, ""ingredient_code"": ""albume"", ""meal_count"": 9}, {""distinct_days"": 4, ""ingredient_code"": ""carciofo"", ""meal_count"": 5}, {""distinct_days"": 4, ""ingredient_code"": ""crackers"", ""meal_count"": 5}, {""distinct_days"": 7, ""ingredient_code"": ""pane_bianco"", ""meal_count"": 16}, {""distinct_days"": 4, ""ingredient_code"": ""patata"", ""meal_count"": 5}, {""distinct_days"": 3, ""ingredient_code"": ""ricotta"", ""meal_count"": 5}, {""distinct_days"": 5, ""ingredient_code"": ""uovo"", ""meal_count"": 8}]","[{""minimum"": 2, ""observed"": 0, ""source"": ""pasta""}]"
142,148,Gennaio,Gennaio,27.6,6.0,20,4,3,0,3,5,0,3,no,"[""egg_equivalent"", ""cheese_dairy_window"", ""pasta_rice"", ""plant_protein_main""]","[{""count"": 6, ""group"": ""eggs"", ""share"": 0.4615}]","[{""distinct_days"": 6, ""ingredient_code"": ""albume"", ""meal_count"": 8}, {""distinct_days"": 4, ""ingredient_code"": ""carciofo"", ""meal_count"": 5}, {""distinct_days"": 4, ""ingredient_code"": ""crackers"", ""meal_count"": 5}, {""distinct_days"": 7, ""ingredient_code"": ""pane_bianco"", ""meal_count"": 16}, {""distinct_days"": 3, ""ingredient_code"": ""ricotta"", ""meal_count"": 5}, {""distinct_days"": 4, ""ingredient_code"": ""uovo"", ""meal_count"": 7}]","[{""minimum"": 2, ""observed"": 0, ""source"": ""pasta""}]"
143,149,Gennaio,Gennaio,24.0,6.0,20,4,5,0,5,5,0,3,no,"[""egg_equivalent"", ""cheese_dairy_window"", ""plant_protein_main""]","[{""count"": 6, ""group"": ""poultry"", ""share"": 0.4615}]","[{""distinct_days"": 5, ""ingredient_code"": ""albume"", ""meal_count"": 7}, {""distinct_days"": 4, ""ingredient_code"": ""carciofo"", ""meal_count"": 5}, {""distinct_days"": 7, ""ingredient_code"": ""pane_bianco"", ""meal_count"": 15}, {""distinct_days"": 4, ""ingredient_code"": ""ricotta"", ""meal_count"": 6}, {""distinct_days"": 3, ""ingredient_code"": ""tacchino"", ""meal_count"": 5}, {""distinct_days"": 4, ""ingredient_code"": ""uovo"", ""meal_count"": 6}]","[{""minimum"": 2, ""observed"": 0, ""source"": ""pasta""}]"
144,150,Gennaio,Gennaio,19.4,6.0,18,4,5,0,5,5,0,3,no,"[""egg_equivalent"", ""cheese_dairy_window"", ""plant_protein_main""]","[{""count"": 6, ""group"": ""poultry"", ""share"": 0.4615}]","[{""distinct_days"": 5, ""ingredient_code"": ""albume"", ""meal_count"": 6}, {""distinct_days"": 7, ""ingredient_code"": ""pane_bianco"", ""meal_count"": 13}, {""distinct_days"": 4, ""ingredient_code"": ""ricotta"", ""meal_count"": 6}, {""distinct_days"": 3, ""ingredient_code"": ""tacchino"", ""meal_count"": 5}, {""distinct_days"": 3, ""ingredient_code"": ""uovo"", ""meal_count"": 5}]","[{""minimum"": 2, ""observed"": 0, ""source"": ""pasta""}]"
145,151,Gennaio,Febbraio,26.2,6.0,17,4,3,0,3,5,0,3,no,"[""egg_equivalent"", ""cheese_dairy_window"", ""pasta_rice"", ""plant_protein_main""]","[{""count"": 6, ""group"": ""eggs"", ""share"": 0.4615}]","[{""distinct_days"": 6, ""ingredient_code"": ""albume"", ""meal_count"": 8}, {""distinct_days"": 4, ""ingredient_code"": ""latte_ps"", ""meal_count"": 5}, {""distinct_days"": 7, ""ingredient_code"": ""pane_bianco"", ""meal_count"": 14}, {""distinct_days"": 3, ""ingredient_code"": ""patata"", ""meal_count"": 5}, {""distinct_days"": 4, ""ingredient_code"": ""ricotta"", ""meal_count"": 5}, {""distinct_days"": 3, ""ingredient_code"": ""tacchino"", ""meal_count"": 5}, {""distinct_days"": 4, ""ingredient_code"": ""uovo"", ""meal_count"": 6}]","[{""minimum"": 2, ""observed"": 0, ""source"": ""pasta""}]"
146,152,Gennaio,Febbraio,16.6,6.0,19,4,3,0,3,5,0,3,no,"[""egg_equivalent"", ""cheese_dairy_window"", ""pasta_rice"", ""plant_protein_main""]",[],"[{""distinct_days"": 5, ""ingredient_code"": ""albume"", ""meal_count"": 6}, {""distinct_days"": 4, ""ingredient_code"": ""carciofo"", ""meal_count"": 5}, {""distinct_days"": 7, ""ingredient_code"": ""pane_bianco"", ""meal_count"": 15}, {""distinct_days"": 5, ""ingredient_code"": ""ricotta"", ""meal_count"": 6}, {""distinct_days"": 3, ""ingredient_code"": ""tacchino"", ""meal_count"": 5}]","[{""minimum"": 2, ""observed"": 0, ""source"": ""pasta""}]"
147,153,Gennaio,Febbraio,19.8,6.0,16,4,3,0,3,5,0,3,no,"[""egg_equivalent"", ""cheese_dairy_window"", ""pasta_rice"", ""plant_protein_main""]",[],"[{""distinct_days"": 5, ""ingredient_code"": ""albume"", ""meal_count"": 6}, {""distinct_days"": 7, ""ingredient_code"": ""pane_bianco"", ""meal_count"": 14}, {""distinct_days"": 4, ""ingredient_code"": ""patata"", ""meal_count"": 6}, {""distinct_days"": 4, ""ingredient_code"": ""ricotta"", ""meal_count"": 5}, {""distinct_days"": 3, ""ingredient_code"": ""tacchino"", ""meal_count"": 5}]","[{""minimum"": 2, ""observed"": 0, ""source"": ""pasta""}]"
148,154,Gennaio,Febbraio,16.2,6.0,13,4,4,1,3,5,0,3,no,"[""egg_equivalent"", ""cheese_dairy_window"", ""pasta_rice"", ""plant_protein_main""]",[],"[{""distinct_days"": 4, ""ingredient_code"": ""albume"", ""meal_count"": 5}, {""distinct_days"": 5, ""ingredient_code"": ""broccoli"", ""meal_count"": 5}, {""distinct_days"": 4, ""ingredient_code"": ""latte_ps"", ""meal_count"": 5}, {""distinct_days"": 7, ""ingredient_code"": ""pane_bianco"", ""meal_count"": 11}, {""distinct_days"": 3, ""ingredient_code"": ""patata"", ""meal_count"": 5}, {""distinct_days"": 3, ""ingredient_code"": ""tacchino"", ""meal_count"": 5}]","[{""minimum"": 2, ""observed"": 1, ""source"": ""pasta""}]"
149,155,Gennaio,Febbraio,14.6,6.0,14,4,5,1,4,5,0,3,no,"[""egg_equivalent"", ""cheese_dairy_window"", ""plant_protein_main""]",[],"[{""distinct_days"": 4, ""ingredient_code"": ""latte_ps"", ""meal_count"": 5}, {""distinct_days"": 6, ""ingredient_code"": ""pane_bianco"", ""meal_count"": 10}, {""distinct_days"": 3, ""ingredient_code"": ""patata"", ""meal_count"": 5}]","[{""minimum"": 2, ""observed"": 1, ""source"": ""pasta""}]"
150,156,Gennaio,Febbraio,13.6,6.0,12,4,3,1,2,5,0,3,no,"[""egg_equivalent"", ""cheese_dairy_window"", ""pasta_rice"", ""plant_protein_main""]",[],"[{""distinct_days"": 4, ""ingredient_code"": ""latte_ps"", ""meal_count"": 5}, {""distinct_days"": 6, ""ingredient_code"": ""pane_bianco"", ""meal_count"": 10}, {""distinct_days"": 4, ""ingredient_code"": ""patata"", ""meal_count"": 6}]","[{""minimum"": 2, ""observed"": 1, ""source"": ""pasta""}]"
151,157,Febbraio,Febbraio,12.0,6.0,13,4,3,1,2,5,0,3,no,"[""egg_equivalent"", ""cheese_dairy_window"", ""pasta_rice"", ""plant_protein_main""]",[],"[{""distinct_days"": 4, ""ingredient_code"": ""latte_ps"", ""meal_count"": 6}, {""distinct_days"": 5, ""ingredient_code"": ""pane_bianco"", ""meal_count"": 9}, {""distinct_days"": 5, ""ingredient_code"": ""patata"", ""meal_count"": 7}]","[{""minimum"": 2, ""observed"": 1, ""source"": ""pasta""}]"
152,158,Febbraio,Febbraio,6.8,6.0,12,4,4,1,3,5,0,3,no,"[""egg_equivalent"", ""cheese_dairy_window"", ""pasta_rice"", ""plant_protein_main""]",[],"[{""distinct_days"": 5, ""ingredient_code"": ""pane_bianco"", ""meal_count"": 9}, {""distinct_days"": 4, ""ingredient_code"": ""patata"", ""meal_count"": 5}]","[{""minimum"": 2, ""observed"": 1, ""source"": ""pasta""}]"
153,159,Febbraio,Febbraio,15.4,6.0,9,4,4,1,3,5,0,3,no,"[""egg_equivalent"", ""cheese_dairy_window"", ""pasta_rice"", ""plant_protein_main""]",[],"[{""distinct_days"": 5, ""ingredient_code"": ""pane_bianco"", ""meal_count"": 9}, {""distinct_days"": 4, ""ingredient_code"": ""patata"", ""meal_count"": 6}]","[{""minimum"": 2, ""observed"": 1, ""source"": ""pasta""}]"
154,160,Febbraio,Febbraio,10.2,6.0,8,4,4,1,3,5,0,3,no,"[""egg_equivalent"", ""cheese_dairy_window"", ""pasta_rice"", ""plant_protein_main""]",[],"[{""distinct_days"": 5, ""ingredient_code"": ""pane_bianco"", ""meal_count"": 9}]","[{""minimum"": 2, ""observed"": 1, ""source"": ""pasta""}]"
155,161,Febbraio,Febbraio,10.2,6.0,9,4,4,0,4,5,0,3,no,"[""egg_equivalent"", ""cheese_dairy_window"", ""pasta_rice"", ""plant_protein_main""]",[],"[{""distinct_days"": 4, ""ingredient_code"": ""pane_bianco"", ""meal_count"": 8}, {""distinct_days"": 5, ""ingredient_code"": ""spinaci"", ""meal_count"": 5}]","[{""minimum"": 2, ""observed"": 0, ""source"": ""pasta""}]"
156,162,Febbraio,Febbraio,10.2,6.0,11,4,4,0,4,5,0,3,no,"[""egg_equivalent"", ""cheese_dairy_window"", ""pasta_rice"", ""plant_protein_main""]","[{""count"": 6, ""group"": ""fish"", ""share"": 0.4615}]","[{""distinct_days"": 5, ""ingredient_code"": ""pane_bianco"", ""meal_count"": 9}, {""distinct_days"": 4, ""ingredient_code"": ""patata"", ""meal_count"": 5}, {""distinct_days"": 5, ""ingredient_code"": ""spinaci"", ""meal_count"": 5}]","[{""minimum"": 2, ""observed"": 0, ""source"": ""pasta""}]"
157,163,Febbraio,Febbraio,13.4,6.0,11,4,5,0,5,5,0,3,no,"[""egg_equivalent"", ""cheese_dairy_window"", ""plant_protein_main""]",[],"[{""distinct_days"": 3, ""ingredient_code"": ""albume"", ""meal_count"": 5}, {""distinct_days"": 5, ""ingredient_code"": ""pane_bianco"", ""meal_count"": 9}]","[{""minimum"": 2, ""observed"": 0, ""source"": ""pasta""}]"
158,164,Febbraio,Febbraio,19.0,6.0,11,4,5,0,5,5,0,3,no,"[""egg_equivalent"", ""cheese_dairy_window"", ""plant_protein_main""]",[],"[{""distinct_days"": 4, ""ingredient_code"": ""albume"", ""meal_count"": 6}, {""distinct_days"": 6, ""ingredient_code"": ""pane_bianco"", ""meal_count"": 11}]","[{""minimum"": 2, ""observed"": 0, ""source"": ""pasta""}]"
159,165,Febbraio,Febbraio,17.4,6.0,14,4,5,0,5,5,0,3,no,"[""egg_equivalent"", ""cheese_dairy_window"", ""plant_protein_main""]",[],"[{""distinct_days"": 3, ""ingredient_code"": ""albume"", ""meal_count"": 5}, {""distinct_days"": 6, ""ingredient_code"": ""pane_bianco"", ""meal_count"": 10}]","[{""minimum"": 2, ""observed"": 0, ""source"": ""pasta""}]"
160,166,Febbraio,Febbraio,10.8,6.0,16,4,6,0,6,5,1,3,no,"[""egg_equivalent"", ""cheese_dairy_window"", ""plant_protein_main""]",[],"[{""distinct_days"": 6, ""ingredient_code"": ""pane_bianco"", ""meal_count"": 9}]","[{""minimum"": 2, ""observed"": 0, ""source"": ""pasta""}]"
161,167,Febbraio,Febbraio,11.8,6.0,20,4,8,1,7,5,1,3,no,"[""egg_equivalent"", ""cheese_dairy_window"", ""plant_protein_main""]",[],"[{""distinct_days"": 5, ""ingredient_code"": ""carota"", ""meal_count"": 5}, {""distinct_days"": 4, ""ingredient_code"": ""grana"", ""meal_count"": 6}, {""distinct_days"": 6, ""ingredient_code"": ""pane_bianco"", ""meal_count"": 9}, {""distinct_days"": 5, ""ingredient_code"": ""pollo"", ""meal_count"": 5}, {""distinct_days"": 3, ""ingredient_code"": ""primosale"", ""meal_count"": 6}]","[{""minimum"": 2, ""observed"": 1, ""source"": ""pasta""}]"
162,168,Febbraio,Febbraio,12.4,6.0,19,4,8,1,7,5,1,3,no,"[""egg_equivalent"", ""cheese_dairy_window"", ""plant_protein_main""]","[{""count"": 6, ""group"": ""poultry"", ""share"": 0.4286}]","[{""distinct_days"": 3, ""ingredient_code"": ""grana"", ""meal_count"": 5}, {""distinct_days"": 7, ""ingredient_code"": ""pane_bianco"", ""meal_count"": 10}, {""distinct_days"": 3, ""ingredient_code"": ""primosale"", ""meal_count"": 6}, {""distinct_days"": 4, ""ingredient_code"": ""uovo"", ""meal_count"": 5}]","[{""minimum"": 2, ""observed"": 1, ""source"": ""pasta""}]"
163,169,Febbraio,Febbraio,12.4,6.0,17,4,9,1,8,5,1,3,no,"[""egg_equivalent"", ""cheese_dairy_window"", ""plant_protein_main""]","[{""count"": 8, ""group"": ""poultry"", ""share"": 0.5714}]","[{""distinct_days"": 3, ""ingredient_code"": ""grana"", ""meal_count"": 5}, {""distinct_days"": 6, ""ingredient_code"": ""pane_bianco"", ""meal_count"": 9}, {""distinct_days"": 4, ""ingredient_code"": ""uovo"", ""meal_count"": 5}]","[{""minimum"": 2, ""observed"": 1, ""source"": ""pasta""}]"
164,170,Febbraio,Febbraio,10.8,6.0,18,4,9,1,8,5,1,3,no,"[""egg_equivalent"", ""cheese_dairy_window"", ""plant_protein_main""]","[{""count"": 8, ""group"": ""poultry"", ""share"": 0.6154}]","[{""distinct_days"": 3, ""ingredient_code"": ""grana"", ""meal_count"": 5}, {""distinct_days"": 6, ""ingredient_code"": ""pane_bianco"", ""meal_count"": 9}, {""distinct_days"": 4, ""ingredient_code"": ""ricotta"", ""meal_count"": 5}, {""distinct_days"": 4, ""ingredient_code"": ""uovo"", ""meal_count"": 5}]","[{""minimum"": 2, ""observed"": 1, ""source"": ""pasta""}]"
165,171,Febbraio,Febbraio,8.8,6.0,20,4,9,1,8,5,1,3,no,"[""egg_equivalent"", ""cheese_dairy_window"", ""plant_protein_main""]","[{""count"": 8, ""group"": ""poultry"", ""share"": 0.6154}]","[{""distinct_days"": 4, ""ingredient_code"": ""grana"", ""meal_count"": 7}, {""distinct_days"": 6, ""ingredient_code"": ""pane_bianco"", ""meal_count"": 9}, {""distinct_days"": 3, ""ingredient_code"": ""primosale"", ""meal_count"": 5}, {""distinct_days"": 3, ""ingredient_code"": ""radicchio"", ""meal_count"": 5}]","[{""minimum"": 2, ""observed"": 1, ""source"": ""pasta""}]"
166,172,Febbraio,Febbraio,12.4,6.0,18,4,8,1,7,5,1,3,no,"[""egg_equivalent"", ""cheese_dairy_window"", ""plant_protein_main""]","[{""count"": 7, ""group"": ""poultry"", ""share"": 0.5385}]","[{""distinct_days"": 3, ""ingredient_code"": ""grana"", ""meal_count"": 5}, {""distinct_days"": 6, ""ingredient_code"": ""pane_bianco"", ""meal_count"": 10}, {""distinct_days"": 5, ""ingredient_code"": ""uovo"", ""meal_count"": 5}]","[{""minimum"": 2, ""observed"": 1, ""source"": ""pasta""}]"
167,173,Febbraio,Febbraio,12.0,6.0,18,4,8,1,7,5,0,3,no,"[""egg_equivalent"", ""cheese_dairy_window"", ""plant_protein_main""]","[{""count"": 8, ""group"": ""poultry"", ""share"": 0.6154}]","[{""distinct_days"": 3, ""ingredient_code"": ""grana"", ""meal_count"": 5}, {""distinct_days"": 6, ""ingredient_code"": ""pane_bianco"", ""meal_count"": 8}, {""distinct_days"": 4, ""ingredient_code"": ""primosale"", ""meal_count"": 5}, {""distinct_days"": 3, ""ingredient_code"": ""radicchio"", ""meal_count"": 5}]","[{""minimum"": 2, ""observed"": 1, ""source"": ""pasta""}]"
168,174,Febbraio,Febbraio,12.6,6.0,16,4,6,0,6,5,0,3,no,"[""egg_equivalent"", ""cheese_dairy_window"", ""plant_protein_main""]","[{""count"": 8, ""group"": ""poultry"", ""share"": 0.6154}]","[{""distinct_days"": 5, ""ingredient_code"": ""albume"", ""meal_count"": 5}, {""distinct_days"": 3, ""ingredient_code"": ""crackers"", ""meal_count"": 5}, {""distinct_days"": 5, ""ingredient_code"": ""pane_bianco"", ""meal_count"": 7}, {""distinct_days"": 3, ""ingredient_code"": ""radicchio"", ""meal_count"": 5}]","[{""minimum"": 2, ""observed"": 0, ""source"": ""pasta""}]"
169,175,Febbraio,Febbraio,17.2,6.0,16,4,5,0,5,5,0,3,no,"[""egg_equivalent"", ""cheese_dairy_window"", ""plant_protein_main""]","[{""count"": 7, ""group"": ""poultry"", ""share"": 0.5385}]","[{""distinct_days"": 6, ""ingredient_code"": ""albume"", ""meal_count"": 6}, {""distinct_days"": 4, ""ingredient_code"": ""crackers"", ""meal_count"": 6}, {""distinct_days"": 5, ""ingredient_code"": ""pane_bianco"", ""meal_count"": 8}, {""distinct_days"": 3, ""ingredient_code"": ""radicchio"", ""meal_count"": 5}, {""distinct_days"": 4, ""ingredient_code"": ""ricotta"", ""meal_count"": 5}, {""distinct_days"": 3, ""ingredient_code"": ""uovo"", ""meal_count"": 5}]","[{""minimum"": 2, ""observed"": 0, ""source"": ""pasta""}]"
170,176,Febbraio,Febbraio,20.8,6.0,18,4,3,0,3,5,0,3,no,"[""egg_equivalent"", ""cheese_dairy_window"", ""pasta_rice"", ""plant_protein_main""]","[{""count"": 6, ""group"": ""poultry"", ""share"": 0.4615}]","[{""distinct_days"": 7, ""ingredient_code"": ""albume"", ""meal_count"": 7}, {""distinct_days"": 3, ""ingredient_code"": ""crackers"", ""meal_count"": 5}, {""distinct_days"": 5, ""ingredient_code"": ""pane_bianco"", ""meal_count"": 8}, {""distinct_days"": 4, ""ingredient_code"": ""pollo"", ""meal_count"": 5}, {""distinct_days"": 4, ""ingredient_code"": ""ricotta"", ""meal_count"": 5}, {""distinct_days"": 4, ""ingredient_code"": ""robiola"", ""meal_count"": 5}, {""distinct_days"": 3, ""ingredient_code"": ""uovo"", ""meal_count"": 5}]","[{""minimum"": 2, ""observed"": 0, ""source"": ""pasta""}]"
171,177,Febbraio,Febbraio,22.8,6.0,18,4,3,0,3,5,0,3,no,"[""egg_equivalent"", ""cheese_dairy_window"", ""pasta_rice"", ""plant_protein_main""]","[{""count"": 6, ""group"": ""poultry"", ""share"": 0.4286}]","[{""distinct_days"": 7, ""ingredient_code"": ""albume"", ""meal_count"": 7}, {""distinct_days"": 3, ""ingredient_code"": ""crackers"", ""meal_count"": 5}, {""distinct_days"": 5, ""ingredient_code"": ""pane_bianco"", ""meal_count"": 8}, {""distinct_days"": 4, ""ingredient_code"": ""patata"", ""meal_count"": 5}, {""distinct_days"": 5, ""ingredient_code"": ""primosale"", ""meal_count"": 5}, {""distinct_days"": 4, ""ingredient_code"": ""radicchio"", ""meal_count"": 5}, {""distinct_days"": 5, ""ingredient_code"": ""robiola"", ""meal_count"": 6}, {""distinct_days"": 4, ""ingredient_code"": ""uovo"", ""meal_count"": 6}]","[{""minimum"": 2, ""observed"": 0, ""source"": ""pasta""}]"
172,178,Febbraio,Febbraio,20.8,6.0,16,4,3,0,3,5,0,3,no,"[""egg_equivalent"", ""cheese_dairy_window"", ""pasta_rice"", ""plant_protein_main""]","[{""count"": 7, ""group"": ""poultry"", ""share"": 0.5}]","[{""distinct_days"": 7, ""ingredient_code"": ""albume"", ""meal_count"": 7}, {""distinct_days"": 3, ""ingredient_code"": ""crackers"", ""meal_count"": 5}, {""distinct_days"": 5, ""ingredient_code"": ""pane_bianco"", ""meal_count"": 7}, {""distinct_days"": 4, ""ingredient_code"": ""patata"", ""meal_count"": 5}, {""distinct_days"": 4, ""ingredient_code"": ""pollo"", ""meal_count"": 5}, {""distinct_days"": 5, ""ingredient_code"": ""primosale"", ""meal_count"": 5}, {""distinct_days"": 4, ""ingredient_code"": ""radicchio"", ""meal_count"": 5}, {""distinct_days"": 4, ""ingredient_code"": ""robiola"", ""meal_count"": 5}, {""distinct_days"": 3, ""ingredient_code"": ""uovo"", ""meal_count"": 5}]","[{""minimum"": 2, ""observed"": 0, ""source"": ""pasta""}]"
173,179,Febbraio,Febbraio,19.2,6.0,17,4,4,0,4,5,0,3,no,"[""egg_equivalent"", ""cheese_dairy_window"", ""pasta_rice"", ""plant_protein_main""]","[{""count"": 7, ""group"": ""poultry"", ""share"": 0.5}]","[{""distinct_days"": 6, ""ingredient_code"": ""albume"", ""meal_count"": 6}, {""distinct_days"": 5, ""ingredient_code"": ""pane_bianco"", ""meal_count"": 6}, {""distinct_days"": 4, ""ingredient_code"": ""patata"", ""meal_count"": 5}, {""distinct_days"": 4, ""ingredient_code"": ""pollo"", ""meal_count"": 5}, {""distinct_days"": 4, ""ingredient_code"": ""radicchio"", ""meal_count"": 5}, {""distinct_days"": 3, ""ingredient_code"": ""uovo"", ""meal_count"": 5}]","[{""minimum"": 2, ""observed"": 0, ""source"": ""pasta""}]"
174,180,Febbraio,Febbraio,19.2,6.0,15,4,3,0,3,5,0,3,no,"[""egg_equivalent"", ""cheese_dairy_window"", ""pasta_rice"", ""plant_protein_main""]","[{""count"": 6, ""group"": ""poultry"", ""share"": 0.4615}]","[{""distinct_days"": 6, ""ingredient_code"": ""albume"", ""meal_count"": 6}, {""distinct_days"": 4, ""ingredient_code"": ""kiwi"", ""meal_count"": 5}, {""distinct_days"": 5, ""ingredient_code"": ""latte_ps"", ""meal_count"": 5}, {""distinct_days"": 4, ""ingredient_code"": ""pane_bianco"", ""meal_count"": 5}, {""distinct_days"": 5, ""ingredient_code"": ""patata"", ""meal_count"": 6}, {""distinct_days"": 3, ""ingredient_code"": ""uovo"", ""meal_count"": 5}]","[{""minimum"": 2, ""observed"": 0, ""source"": ""pasta""}]"
