global_day,month,day_type,energy_kcal,reference_kcal,delta_pct,status
1,Settembre,D1,1667.48,1612.0,0.0344,OK
2,Settembre,D2,1700.97,1709.0,-0.0047,OK
3,Settembre,D3,1466.12,1467.0,-0.0006,OK
4,Settembre,D4,1627.35,1614.0,0.0083,OK
5,Settembre,D5,1586.71,1626.0,-0.0242,OK
6,Settembre,D1,1652.8,1612.0,0.0253,OK
7,Settembre,D2,1790.57,1709.0,0.0477,OK
8,Settembre,D3,1405.81,1467.0,-0.0417,OK
9,Settembre,D4,1549.41,1614.0,-0.04,OK
10,Settembre,D5,1640.27,1626.0,0.0088,OK
11,Settembre,D1,1597.08,1612.0,-0.0093,OK
12,Settembre,D2,1684.36,1709.0,-0.0144,OK
13,Settembre,D3,1461.04,1467.0,-0.0041,OK
14,Settembre,D4,1615.72,1614.0,0.0011,OK
15,Settembre,D5,1631.3,1626.0,0.0033,OK
16,Settembre,D1,1539.59,1612.0,-0.0449,OK
17,Settembre,D2,1694.57,1709.0,-0.0084,OK
18,Settembre,D3,1448.0,1467.0,-0.013,OK
19,Settembre,D4,1534.03,1614.0,-0.0495,OK
20,Settembre,D5,1594.24,1626.0,-0.0195,OK
21,Settembre,D1,1589.75,1612.0,-0.0138,OK
22,Settembre,D2,1787.88,1709.0,0.0462,OK
23,Settembre,D3,1421.26,1467.0,-0.0312,OK
24,Settembre,D4,1559.97,1614.0,-0.0335,OK
25,Settembre,D5,1567.69,1626.0,-0.0359,OK
26,Settembre,D1,1614.36,1612.0,0.0015,OK
27,Settembre,D2,1723.22,1709.0,0.0083,OK
28,Settembre,D3,1491.53,1467.0,0.0167,OK
29,Settembre,D4,1647.02,1614.0,0.0205,OK
30,Settembre,D5,1672.67,1626.0,0.0287,OK
31,Ottobre,D1,1634.46,1612.0,0.0139,OK
32,Ottobre,D2,1720.66,1709.0,0.0068,OK
33,Ottobre,D3,1441.43,1467.0,-0.0174,OK
34,Ottobre,D4,1675.89,1614.0,0.0383,OK
35,Ottobre,D5,1616.41,1626.0,-0.0059,OK
36,Ottobre,D1,1673.08,1612.0,0.0379,OK
37,Ottobre,D2,1756.27,1709.0,0.0277,OK
38,Ottobre,D3,1425.23,1467.0,-0.0285,OK
39,Ottobre,D4,1661.68,1614.0,0.0295,OK
40,Ottobre,D5,1702.36,1626.0,0.047,OK
41,Ottobre,D1,1542.67,1612.0,-0.043,OK
42,Ottobre,D2,1727.11,1709.0,0.0106,OK
43,Ottobre,D3,1404.88,1467.0,-0.0423,OK
44,Ottobre,D4,1675.97,1614.0,0.0384,OK
45,Ottobre,D5,1657.24,1626.0,0.0192,OK
46,Ottobre,D1,1619.18,1612.0,0.0045,OK
47,Ottobre,D2,1697.97,1709.0,-0.0065,OK
48,Ottobre,D3,1433.68,1467.0,-0.0227,OK
49,Ottobre,D4,1601.53,1614.0,-0.0077,OK
50,Ottobre,D5,1641.42,1626.0,0.0095,OK
51,Ottobre,D1,1653.26,1612.0,0.0256,OK
52,Ottobre,D2,1754.88,1709.0,0.0268,OK
53,Ottobre,D3,1443.68,1467.0,-0.0159,OK
54,Ottobre,D4,1652.7,1614.0,0.024,OK
55,Ottobre,D5,1635.32,1626.0,0.0057,OK
56,Ottobre,D1,1638.94,1612.0,0.0167,OK
57,Ottobre,D2,1751.6,1709.0,0.0249,OK
58,Ottobre,D3,1460.56,1467.0,-0.0044,OK
59,Ottobre,D4,1606.17,1614.0,-0.0049,OK
60,Ottobre,D5,1643.23,1626.0,0.0106,OK
61,Novembre,D1,1580.98,1612.0,-0.0192,OK
62,Novembre,D2,1723.38,1709.0,0.0084,OK
63,Novembre,D3,1442.21,1467.0,-0.0169,OK
64,Novembre,D4,1557.71,1614.0,-0.0349,OK
65,Novembre,D5,1587.51,1626.0,-0.0237,OK
66,Novembre,D1,1533.64,1612.0,-0.0486,OK
67,Novembre,D2,1706.8,1709.0,-0.0013,OK
68,Novembre,D3,1434.73,1467.0,-0.022,OK
69,Novembre,D4,1565.26,1614.0,-0.0302,OK
70,Novembre,D5,1619.04,1626.0,-0.0043,OK
71,Novembre,D1,1575.49,1612.0,-0.0226,OK
72,Novembre,D2,1778.08,1709.0,0.0404,OK
73,Novembre,D3,1399.38,1467.0,-0.0461,OK
74,Novembre,D4,1659.68,1614.0,0.0283,OK
75,Novembre,D5,1602.21,1626.0,-0.0146,OK
76,Novembre,D1,1668.27,1612.0,0.0349,OK
77,Novembre,D2,1691.34,1709.0,-0.0103,OK
78,Novembre,D3,1436.01,1467.0,-0.0211,OK
79,Novembre,D4,1615.28,1614.0,0.0008,OK
80,Novembre,D5,1582.34,1626.0,-0.0269,OK
81,Novembre,D1,1659.29,1612.0,0.0293,OK
82,Novembre,D2,1639.43,1709.0,-0.0407,OK
83,Novembre,D3,1464.92,1467.0,-0.0014,OK
84,Novembre,D4,1649.55,1614.0,0.022,OK
85,Novembre,D5,1618.26,1626.0,-0.0048,OK
86,Novembre,D1,1621.62,1612.0,0.006,OK
87,Novembre,D2,1706.51,1709.0,-0.0015,OK
88,Novembre,D3,1471.89,1467.0,0.0033,OK
89,Novembre,D4,1664.75,1614.0,0.0314,OK
90,Novembre,D5,1696.58,1626.0,0.0434,OK
91,Dicembre,D1,1674.76,1612.0,0.0389,OK
92,Dicembre,D2,1631.17,1709.0,-0.0455,OK
93,Dicembre,D3,1466.76,1467.0,-0.0002,OK
94,Dicembre,D4,1642.43,1614.0,0.0176,OK
95,Dicembre,D5,1634.52,1626.0,0.0052,OK
96,Dicembre,D1,1571.25,1612.0,-0.0253,OK
97,Dicembre,D2,1723.83,1709.0,0.0087,OK
98,Dicembre,D3,1453.18,1467.0,-0.0094,OK
99,Dicembre,D4,1615.75,1614.0,0.0011,OK
100,Dicembre,D5,1696.42,1626.0,0.0433,OK
101,Dicembre,D1,1616.2,1612.0,0.0026,OK
102,Dicembre,D2,1681.22,1709.0,-0.0163,OK
103,Dicembre,D3,1439.01,1467.0,-0.0191,OK
104,Dicembre,D4,1621.42,1614.0,0.0046,OK
105,Dicembre,D5,1607.69,1626.0,-0.0113,OK
106,Dicembre,D1,1540.85,1612.0,-0.0441,OK
107,Dicembre,D2,1701.49,1709.0,-0.0044,OK
108,Dicembre,D3,1401.33,1467.0,-0.0448,OK
109,Dicembre,D4,1601.44,1614.0,-0.0078,OK
110,Dicembre,D5,1640.44,1626.0,0.0089,OK
111,Dicembre,D1,1685.42,1612.0,0.0455,OK
112,Dicembre,D2,1727.11,1709.0,0.0106,OK
113,Dicembre,D3,1445.41,1467.0,-0.0147,OK
114,Dicembre,D4,1614.37,1614.0,0.0002,OK
115,Dicembre,D5,1613.07,1626.0,-0.008,OK
116,Dicembre,D1,1576.76,1612.0,-0.0219,OK
117,Dicembre,D2,1674.91,1709.0,-0.0199,OK
118,Dicembre,D3,1399.97,1467.0,-0.0457,OK
119,Dicembre,D4,1604.94,1614.0,-0.0056,OK
120,Dicembre,D5,1679.56,1626.0,0.0329,OK
121,Gennaio,D1,1628.78,1612.0,0.0104,OK
122,Gennaio,D2,1711.81,1709.0,0.0016,OK
123,Gennaio,D3,1437.51,1467.0,-0.0201,OK
124,Gennaio,D4,1655.31,1614.0,0.0256,OK
125,Gennaio,D5,1615.1,1626.0,-0.0067,OK
126,Gennaio,D1,1595.51,1612.0,-0.0102,OK
127,Gennaio,D2,1705.9,1709.0,-0.0018,OK
128,Gennaio,D3,1463.84,1467.0,-0.0022,OK
129,Gennaio,D4,1621.57,1614.0,0.0047,OK
130,Gennaio,D5,1639.24,1626.0,0.0081,OK
131,Gennaio,D1,1592.21,1612.0,-0.0123,OK
132,Gennaio,D2,1664.3,1709.0,-0.0262,OK
133,Gennaio,D3,1465.84,1467.0,-0.0008,OK
134,Gennaio,D4,1565.11,1614.0,-0.0303,OK
135,Gennaio,D5,1618.4,1626.0,-0.0047,OK
136,Gennaio,D1,1536.77,1612.0,-0.0467,OK
137,Gennaio,D2,1712.3,1709.0,0.0019,OK
138,Gennaio,D3,1466.49,1467.0,-0.0003,OK
139,Gennaio,D4,1632.08,1614.0,0.0112,OK
140,Gennaio,D5,1639.33,1626.0,0.0082,OK
141,Gennaio,D1,1576.47,1612.0,-0.022,OK
142,Gennaio,D2,1721.62,1709.0,0.0074,OK
143,Gennaio,D3,1399.91,1467.0,-0.0457,OK
144,Gennaio,D4,1671.58,1614.0,0.0357,OK
145,Gennaio,D5,1625.81,1626.0,-0.0001,OK
146,Gennaio,D1,1616.73,1612.0,0.0029,OK
147,Gennaio,D2,1712.14,1709.0,0.0018,OK
148,Gennaio,D3,1469.41,1467.0,0.0016,OK
149,Gennaio,D4,1583.45,1614.0,-0.0189,OK
150,Gennaio,D5,1585.11,1626.0,-0.0251,OK
151,Febbraio,D1,1603.29,1612.0,-0.0054,OK
152,Febbraio,D2,1785.87,1709.0,0.045,OK
153,Febbraio,D3,1468.64,1467.0,0.0011,OK
154,Febbraio,D4,1542.08,1614.0,-0.0446,OK
155,Febbraio,D5,1624.81,1626.0,-0.0007,OK
156,Febbraio,D1,1618.08,1612.0,0.0038,OK
157,Febbraio,D2,1627.24,1709.0,-0.0478,OK
158,Febbraio,D3,1460.57,1467.0,-0.0044,OK
159,Febbraio,D4,1567.21,1614.0,-0.029,OK
160,Febbraio,D5,1626.18,1626.0,0.0001,OK
161,Febbraio,D1,1591.01,1612.0,-0.013,OK
162,Febbraio,D2,1703.0,1709.0,-0.0035,OK
163,Febbraio,D3,1402.56,1467.0,-0.0439,OK
164,Febbraio,D4,1625.51,1614.0,0.0071,OK
165,Febbraio,D5,1622.29,1626.0,-0.0023,OK
166,Febbraio,D1,1544.95,1612.0,-0.0416,OK
167,Febbraio,D2,1676.8,1709.0,-0.0188,OK
168,Febbraio,D3,1461.98,1467.0,-0.0034,OK
169,Febbraio,D4,1617.79,1614.0,0.0023,OK
170,Febbraio,D5,1640.12,1626.0,0.0087,OK
171,Febbraio,D1,1619.45,1612.0,0.0046,OK
172,Febbraio,D2,1715.16,1709.0,0.0036,OK
173,Febbraio,D3,1444.13,1467.0,-0.0156,OK
174,Febbraio,D4,1555.18,1614.0,-0.0364,OK
175,Febbraio,D5,1616.79,1626.0,-0.0057,OK
176,Febbraio,D1,1619.67,1612.0,0.0048,OK
177,Febbraio,D2,1709.51,1709.0,0.0003,OK
178,Febbraio,D3,1419.51,1467.0,-0.0324,OK
179,Febbraio,D4,1619.06,1614.0,0.0031,OK
180,Febbraio,D5,1696.98,1626.0,0.0437,OK
